Varies per block?       ,    1,Unit    ,UE     ,     2,     1,  2027
Varies per sequence?    ,    1
# of agents             ,  134
Stag,Seq.,Blck,Campo Grande  nivel 1 (inelastico),CAMPO GRANDE,W. ARJONA,W. ARJONA II,Tres Lagoas  nivel 1 (inelastico),TRES LAGOAS,T LAG 2LRC,Paulinia e interior SP  nivel 1 (inelastico),PAULINIA VER,RM Sao Paulo (Capuava)  nivel 1 (inelastico),RM Sao Paulo (Capuava)  nivel 2 (elastico),CELPAV IV,N.PIRATINING,Cubatao / baixada santista  nivel 1 (inelastico),CUBATAO,Vale do Paraiba  nivel 1 (inelastico),Volta Redonda  nivel 1 (inelastico),Japeri  nivel 1 (inelastico),BAIXADA FLU,SEROPEDICA,STC NOVA LRC,REDUC / Duque de Caxias  nivel 1 (inelastico),REDUC / Duque de Caxias  nivel 2 (elastico),NOVA ERA,TERMORIO,TUPAN,polo Itaborai (GasLub)  nivel 1 (inelastico),MARLIM AZUL,NORTEFLU,NORTEFLU IC,NORTEFLU ID,TERMOMACAE,TMAC 2LRC,PNFLU2C_2LRC,PNFLUB_2LRC,GNA I,GNA II,Grande Vitoria  nivel 1 (inelastico),VIANA 1,Linhares (Cacimbas)  nivel 1 (inelastico),LINHARES,LORM 2LRC,POVOACAO 1,SAO MATEUS 1,SAO MATEUS 2,Cuiaba  nivel 1 (inelastico),CUIABA G CC,GDE CUIABA,RM Belo Horizonte  nivel 1 (inelastico),RM Belo Horizonte  nivel 2 (elastico),IBIRITE,JUIZ DE FORA,Catu  nivel 1 (inelastico),polo de Camacari  nivel 1 (inelastico),polo de Camacari  nivel 2 (elastico),APOENA V2,BIRIBEIRA I,CORCOVADO 03,CORCOVADO 04,CORCOVADO 05,CORCOVADO 06,PROSPERI III,PROSPERI IV,PROSPERID II,PROSPERID IV,PROSPERIDADE,SFE GUARANI,TERMOBAHIA,Carmopolis  nivel 1 (inelastico),P. SERGIPE 2,P. SERGIPE 3,P. SERGIPE 5,SERGI_5_2LRC,Pilar  nivel 1 (inelastico),MANGUABA I,MANGUABA II,MANGUABA III,MANGUABA IV,MANGUABA V,PILAR,PILAR I,PILAR II,PILAR III,PILAR IV,PILAR NOVA,PILAR V,Cabo / Suape  nivel 1 (inelastico),Cabo / Suape  nivel 2 (elastico),FREVO,JOAO PESSOA,SUAPE IV B,TERMONE II,TERMOPE,MFUJI_2LRC,Guamare / RN  nivel 1 (inelastico),VALE DO ACU,Fortaleza  nivel 1 (inelastico),JANDAIA II,JANDAIA III,TERMOCEARA,PORTOCEM I,Manaus  nivel 1 (inelastico),APARECIDA,JARAQUI,MANAUS I,MAUA 3,PIRARUCU,TUCUNARE,MARANHAO III,MARANHAO IV,MARANHAO V,N.VENECIA 2,PARNAIBA IV,PARNAIBA V,MARAN V 2LRC,MARAN 4 2LRC,SCLARA_2LRC,NT BARCAR II,NT BARCARENA,RM Curitiba (Araucaria)  nivel 1 (inelastico),RM Curitiba (Araucaria)  nivel 2 (elastico),ARAUCARIA,ARAUCARIA II,B. BONITA I,ARAUCA 2LRC,GARUVA_2LRC,Grande Florianopolis  nivel 1 (inelastico),Grande Florianopolis  nivel 2 (elastico),TROMBUDO,TROMBUDO II,Canoas / RM Porto Alegre  nivel 1 (inelastico),Canoas / RM Porto Alegre  nivel 2 (elastico),URUGUAIANA,URUG 2LRC
   1,   1,   1,  0.0000    ,  0.0000    ,  0.0000    ,  0.0000    ,  0.0000    ,  0.0000    ,  0.0000    ,  0.0000    ,  0.0000    ,  0.0000    ,  0.0000    ,  0.0000    ,  0.0000    ,  0.0000    ,  0.0000    ,  0.0000    ,  0.0000    ,  0.0000    ,  0.0000    ,  0.0000    ,  0.0000    ,  0.0000    ,  0.0000    ,  0.0000    ,  0.0000    ,  0.0000    ,  0.0000    ,  0.0000    ,  0.0000    ,  0.0000    ,  0.0000    ,  0.0000    ,  0.0000    ,  0.0000    ,  0.0000    ,  0.0000    ,  0.0000    ,  0.0000    ,  0.0000    ,  0.0000    ,  0.0000    ,  0.0000    ,  0.0000    ,  0.0000    ,  0.0000    ,  0.0000    ,  0.0000    ,  0.0000    ,  0.0000    ,  0.0000    ,  0.0000    ,  0.0000    ,  0.0000    ,  0.0000    ,  0.0000    ,  0.0000    ,  0.0000    ,  0.0000    ,  0.0000    ,  0.0000    ,  0.0000    ,  0.0000    ,  0.0000    ,  0.0000    ,  0.0000    ,  0.0000    ,  0.0000    ,  0.0000    ,  0.0000    ,  0.0000    ,  0.0000    ,  0.0000    ,  0.0000    ,  0.0000    ,  0.0000    ,  0.0000    ,  0.0000    ,  0.0000    ,  0.0000    ,  0.0000    ,  0.0000    ,  0.0000    ,  0.0000    ,  0.0000    ,  0.0000    ,  0.0000    ,  0.0000    ,  0.0000    ,  0.0000    ,  0.0000    ,  0.0000    ,  0.0000    ,  0.0000    ,  0.0000    ,  0.0000    ,  0.0000    ,  0.0000    ,  0.0000    ,  0.0000    ,  0.0000    ,  0.0000    ,  0.0000    ,  0.0000    ,  0.0000    ,  0.0000    ,  0.0000    ,  0.0000    ,  0.0000    ,  0.0000    ,  0.0000    ,  0.0000    ,  0.0000    ,  0.0000    ,  0.0000    ,  0.0000    ,  0.0000    ,  0.0000    ,  0.0000    ,  0.0000    ,  0.0000    ,  0.0000    ,  0.0000    ,  0.0000    ,  0.0000    ,  0.0000    ,  0.0000    ,  0.0000    ,  0.0000    ,  0.0000    ,  0.0000    ,  0.0000    ,  0.0000    ,  0.0000    ,  0.0000      
   1,   1,   2,  0.0000    ,  0.0000    ,  0.0000    ,  0.0000    ,  0.0000    ,  0.0000    ,  0.0000    ,  0.0000    ,  0.0000    ,  0.0000    ,  0.0000    ,  0.0000    ,  0.0000    ,  0.0000    ,  0.0000    ,  0.0000    ,  0.0000    ,  0.0000    ,  0.0000    ,  0.0000    ,  0.0000    ,  0.0000    ,  0.0000    ,  0.0000    ,  0.0000    ,  0.0000    ,  0.0000    ,  0.0000    ,  0.0000    ,  0.0000    ,  0.0000    ,  0.0000    ,  0.0000    ,  0.0000    ,  0.0000    ,  0.0000    ,  0.0000    ,  0.0000    ,  0.0000    ,  0.0000    ,  0.0000    ,  0.0000    ,  0.0000    ,  0.0000    ,  0.0000    ,  0.0000    ,  0.0000    ,  0.0000    ,  0.0000    ,  0.0000    ,  0.0000    ,  0.0000    ,  0.0000    ,  0.0000    ,  0.0000    ,  0.0000    ,  0.0000    ,  0.0000    ,  0.0000    ,  0.0000    ,  0.0000    ,  0.0000    ,  0.0000    ,  0.0000    ,  0.0000    ,  0.0000    ,  0.0000    ,  0.0000    ,  0.0000    ,  0.0000    ,  0.0000    ,  0.0000    ,  0.0000    ,  0.0000    ,  0.0000    ,  0.0000    ,  0.0000    ,  0.0000    ,  0.0000    ,  0.0000    ,  0.0000    ,  0.0000    ,  0.0000    ,  0.0000    ,  0.0000    ,  0.0000    ,  0.0000    ,  0.0000    ,  0.0000    ,  0.0000    ,  0.0000    ,  0.0000    ,  0.0000    ,  0.0000    ,  0.0000    ,  0.0000    ,  0.0000    ,  0.0000    ,  0.0000    ,  0.0000    ,  0.0000    ,  0.0000    ,  0.0000    ,  0.0000    ,  0.0000    ,  0.0000    ,  0.0000    ,  0.0000    ,  0.0000    ,  0.0000    ,  0.0000    ,  0.0000    ,  0.0000    ,  0.0000    ,  0.0000    ,  0.0000    ,  0.0000    ,  0.0000    ,  0.0000    ,  0.0000    ,  0.0000    ,  0.0000    ,  0.0000    ,  0.0000    ,  0.0000    ,  0.0000    ,  0.0000    ,  0.0000    ,  0.0000    ,  0.0000    ,  0.0000    ,  0.0000    ,  0.0000    ,  0.0000      
   1,   1,   3,  0.0000    ,  0.0000    ,  0.0000    ,  0.0000    ,  0.0000    ,  0.0000    ,  0.0000    ,  0.0000    ,  0.0000    ,  0.0000    ,  0.0000    ,  0.0000    ,  0.0000    ,  0.0000    ,  0.0000    ,  0.0000    ,  0.0000    ,  0.0000    ,  0.0000    ,  0.0000    ,  0.0000    ,  0.0000    ,  0.0000    ,  0.0000    ,  0.0000    ,  0.0000    ,  0.0000    ,  0.0000    ,  0.0000    ,  0.0000    ,  0.0000    ,  0.0000    ,  0.0000    ,  0.0000    ,  0.0000    ,  0.0000    ,  0.0000    ,  0.0000    ,  0.0000    ,  0.0000    ,  0.0000    ,  0.0000    ,  0.0000    ,  0.0000    ,  0.0000    ,  0.0000    ,  0.0000    ,  0.0000    ,  0.0000    ,  0.0000    ,  0.0000    ,  0.0000    ,  0.0000    ,  0.0000    ,  0.0000    ,  0.0000    ,  0.0000    ,  0.0000    ,  0.0000    ,  0.0000    ,  0.0000    ,  0.0000    ,  0.0000    ,  0.0000    ,  0.0000    ,  0.0000    ,  0.0000    ,  0.0000    ,  0.0000    ,  0.0000    ,  0.0000    ,  0.0000    ,  0.0000    ,  0.0000    ,  0.0000    ,  0.0000    ,  0.0000    ,  0.0000    ,  0.0000    ,  0.0000    ,  0.0000    ,  0.0000    ,  0.0000    ,  0.0000    ,  0.0000    ,  0.0000    ,  0.0000    ,  0.0000    ,  0.0000    ,  0.0000    ,  0.0000    ,  0.0000    ,  0.0000    ,  0.0000    ,  0.0000    ,  0.0000    ,  0.0000    ,  0.0000    ,  0.0000    ,  0.0000    ,  0.0000    ,  0.0000    ,  0.0000    ,  0.0000    ,  0.0000    ,  0.0000    ,  0.0000    ,  0.0000    ,  0.0000    ,  0.0000    ,  0.0000    ,  0.0000    ,  0.0000    ,  0.0000    ,  0.0000    ,  0.0000    ,  0.0000    ,  0.0000    ,  0.0000    ,  0.0000    ,  0.0000    ,  0.0000    ,  0.0000    ,  0.0000    ,  0.0000    ,  0.0000    ,  0.0000    ,  0.0000    ,  0.0000    ,  0.0000    ,  0.0000    ,  0.0000    ,  0.0000    ,  0.0000      
   2,   1,   1,  0.0000    ,  0.0000    ,  0.0000    ,  0.0000    ,  0.0000    ,  0.0000    ,  0.0000    ,  0.0000    ,  0.0000    ,  0.0000    ,  0.0000    ,  0.0000    ,  0.0000    ,  0.0000    ,  0.0000    ,  0.0000    ,  0.0000    ,  0.0000    ,  0.0000    ,  0.0000    ,  0.0000    ,  0.0000    ,  0.0000    ,  0.0000    ,  0.0000    ,  0.0000    ,  0.0000    ,  0.0000    ,  0.0000    ,  0.0000    ,  0.0000    ,  0.0000    ,  0.0000    ,  0.0000    ,  0.0000    ,  0.0000    ,  0.0000    ,  0.0000    ,  0.0000    ,  0.0000    ,  0.0000    ,  0.0000    ,  0.0000    ,  0.0000    ,  0.0000    ,  0.0000    ,  0.0000    ,  0.0000    ,  0.0000    ,  0.0000    ,  0.0000    ,  0.0000    ,  0.0000    ,  0.0000    ,  0.0000    ,  0.0000    ,  0.0000    ,  0.0000    ,  0.0000    ,  0.0000    ,  0.0000    ,  0.0000    ,  0.0000    ,  0.0000    ,  0.0000    ,  0.0000    ,  0.0000    ,  0.0000    ,  0.0000    ,  0.0000    ,  0.0000    ,  0.0000    ,  0.0000    ,  0.0000    ,  0.0000    ,  0.0000    ,  0.0000    ,  0.0000    ,  0.0000    ,  0.0000    ,  0.0000    ,  0.0000    ,  0.0000    ,  0.0000    ,  0.0000    ,  0.0000    ,  0.0000    ,  0.0000    ,  0.0000    ,  0.0000    ,  0.0000    ,  0.0000    ,  0.0000    ,  0.0000    ,  0.0000    ,  0.0000    ,  0.0000    ,  0.0000    ,  0.0000    ,  0.0000    ,  0.0000    ,  0.0000    ,  0.0000    ,  0.0000    ,  0.0000    ,  0.0000    ,  0.0000    ,  0.0000    ,  0.0000    ,  0.0000    ,  0.0000    ,  0.0000    ,  0.0000    ,  0.0000    ,  0.0000    ,  0.0000    ,  0.0000    ,  0.0000    ,  0.0000    ,  0.0000    ,  0.0000    ,  0.0000    ,  0.0000    ,  0.0000    ,  0.0000    ,  0.0000    ,  0.0000    ,  0.0000    ,  0.0000    ,  0.0000    ,  0.0000    ,  0.0000    ,  0.0000    ,  0.0000      
   2,   1,   2,  0.0000    ,  0.0000    ,  0.0000    ,  0.0000    ,  0.0000    ,  0.0000    ,  0.0000    ,  0.0000    ,  0.0000    ,  0.0000    ,  0.0000    ,  0.0000    ,  0.0000    ,  0.0000    ,  0.0000    ,  0.0000    ,  0.0000    ,  0.0000    ,  0.0000    ,  0.0000    ,  0.0000    ,  0.0000    ,  0.0000    ,  0.0000    ,  0.0000    ,  0.0000    ,  0.0000    ,  0.0000    ,  0.0000    ,  0.0000    ,  0.0000    ,  0.0000    ,  0.0000    ,  0.0000    ,  0.0000    ,  0.0000    ,  0.0000    ,  0.0000    ,  0.0000    ,  0.0000    ,  0.0000    ,  0.0000    ,  0.0000    ,  0.0000    ,  0.0000    ,  0.0000    ,  0.0000    ,  0.0000    ,  0.0000    ,  0.0000    ,  0.0000    ,  0.0000    ,  0.0000    ,  0.0000    ,  0.0000    ,  0.0000    ,  0.0000    ,  0.0000    ,  0.0000    ,  0.0000    ,  0.0000    ,  0.0000    ,  0.0000    ,  0.0000    ,  0.0000    ,  0.0000    ,  0.0000    ,  0.0000    ,  0.0000    ,  0.0000    ,  0.0000    ,  0.0000    ,  0.0000    ,  0.0000    ,  0.0000    ,  0.0000    ,  0.0000    ,  0.0000    ,  0.0000    ,  0.0000    ,  0.0000    ,  0.0000    ,  0.0000    ,  0.0000    ,  0.0000    ,  0.0000    ,  0.0000    ,  0.0000    ,  0.0000    ,  0.0000    ,  0.0000    ,  0.0000    ,  0.0000    ,  0.0000    ,  0.0000    ,  0.0000    ,  0.0000    ,  0.0000    ,  0.0000    ,  0.0000    ,  0.0000    ,  0.0000    ,  0.0000    ,  0.0000    ,  0.0000    ,  0.0000    ,  0.0000    ,  0.0000    ,  0.0000    ,  0.0000    ,  0.0000    ,  0.0000    ,  0.0000    ,  0.0000    ,  0.0000    ,  0.0000    ,  0.0000    ,  0.0000    ,  0.0000    ,  0.0000    ,  0.0000    ,  0.0000    ,  0.0000    ,  0.0000    ,  0.0000    ,  0.0000    ,  0.0000    ,  0.0000    ,  0.0000    ,  0.0000    ,  0.0000    ,  0.0000    ,  0.0000    ,  0.0000      
   2,   1,   3,  0.0000    ,  0.0000    ,  0.0000    ,  0.0000    ,  0.0000    ,  0.0000    ,  0.0000    ,  0.0000    ,  0.0000    ,  0.0000    ,  0.0000    ,  0.0000    ,  0.0000    ,  0.0000    ,  0.0000    ,  0.0000    ,  0.0000    ,  0.0000    ,  0.0000    ,  0.0000    ,  0.0000    ,  0.0000    ,  0.0000    ,  0.0000    ,  0.0000    ,  0.0000    ,  0.0000    ,  0.0000    ,  0.0000    ,  0.0000    ,  0.0000    ,  0.0000    ,  0.0000    ,  0.0000    ,  0.0000    ,  0.0000    ,  0.0000    ,  0.0000    ,  0.0000    ,  0.0000    ,  0.0000    ,  0.0000    ,  0.0000    ,  0.0000    ,  0.0000    ,  0.0000    ,  0.0000    ,  0.0000    ,  0.0000    ,  0.0000    ,  0.0000    ,  0.0000    ,  0.0000    ,  0.0000    ,  0.0000    ,  0.0000    ,  0.0000    ,  0.0000    ,  0.0000    ,  0.0000    ,  0.0000    ,  0.0000    ,  0.0000    ,  0.0000    ,  0.0000    ,  0.0000    ,  0.0000    ,  0.0000    ,  0.0000    ,  0.0000    ,  0.0000    ,  0.0000    ,  0.0000    ,  0.0000    ,  0.0000    ,  0.0000    ,  0.0000    ,  0.0000    ,  0.0000    ,  0.0000    ,  0.0000    ,  0.0000    ,  0.0000    ,  0.0000    ,  0.0000    ,  0.0000    ,  0.0000    ,  0.0000    ,  0.0000    ,  0.0000    ,  0.0000    ,  0.0000    ,  0.0000    ,  0.0000    ,  0.0000    ,  0.0000    ,  0.0000    ,  0.0000    ,  0.0000    ,  0.0000    ,  0.0000    ,  0.0000    ,  0.0000    ,  0.0000    ,  0.0000    ,  0.0000    ,  0.0000    ,  0.0000    ,  0.0000    ,  0.0000    ,  0.0000    ,  0.0000    ,  0.0000    ,  0.0000    ,  0.0000    ,  0.0000    ,  0.0000    ,  0.0000    ,  0.0000    ,  0.0000    ,  0.0000    ,  0.0000    ,  0.0000    ,  0.0000    ,  0.0000    ,  0.0000    ,  0.0000    ,  0.0000    ,  0.0000    ,  0.0000    ,  0.0000    ,  0.0000    ,  0.0000    ,  0.0000      
   3,   1,   1,  0.0000    ,  0.0000    ,  0.0000    ,  0.0000    ,  0.0000    ,  0.0000    ,  0.0000    ,  0.0000    ,  0.0000    ,  0.0000    ,  0.0000    ,  0.0000    ,  0.0000    ,  0.0000    ,  0.0000    ,  0.0000    ,  0.0000    ,  0.0000    ,  0.0000    ,  0.0000    ,  0.0000    ,  0.0000    ,  0.0000    ,  0.0000    ,  0.0000    ,  0.0000    ,  0.0000    ,  0.0000    ,  0.0000    ,  0.0000    ,  0.0000    ,  0.0000    ,  0.0000    ,  0.0000    ,  0.0000    ,  0.0000    ,  0.0000    ,  0.0000    ,  0.0000    ,  0.0000    ,  0.0000    ,  0.0000    ,  0.0000    ,  0.0000    ,  0.0000    ,  0.0000    ,  0.0000    ,  0.0000    ,  0.0000    ,  0.0000    ,  0.0000    ,  0.0000    ,  0.0000    ,  0.0000    ,  0.0000    ,  0.0000    ,  0.0000    ,  0.0000    ,  0.0000    ,  0.0000    ,  0.0000    ,  0.0000    ,  0.0000    ,  0.0000    ,  0.0000    ,  0.0000    ,  0.0000    ,  0.0000    ,  0.0000    ,  0.0000    ,  0.0000    ,  0.0000    ,  0.0000    ,  0.0000    ,  0.0000    ,  0.0000    ,  0.0000    ,  0.0000    ,  0.0000    ,  0.0000    ,  0.0000    ,  0.0000    ,  0.0000    ,  0.0000    ,  0.0000    ,  0.0000    ,  0.0000    ,  0.0000    ,  0.0000    ,  0.0000    ,  0.0000    ,  0.0000    ,  0.0000    ,  0.0000    ,  0.0000    ,  0.0000    ,  0.0000    ,  0.0000    ,  0.0000    ,  0.0000    ,  0.0000    ,  0.0000    ,  0.0000    ,  0.0000    ,  0.0000    ,  0.0000    ,  0.0000    ,  0.0000    ,  0.0000    ,  0.0000    ,  0.0000    ,  0.0000    ,  0.0000    ,  0.0000    ,  0.0000    ,  0.0000    ,  0.0000    ,  0.0000    ,  0.0000    ,  0.0000    ,  0.0000    ,  0.0000    ,  0.0000    ,  0.0000    ,  0.0000    ,  0.0000    ,  0.0000    ,  0.0000    ,  0.0000    ,  0.0000    ,  0.0000    ,  0.0000    ,  0.0000    ,  0.0000      
   3,   1,   2,  0.0000    ,  0.0000    ,  0.0000    ,  0.0000    ,  0.0000    ,  0.0000    ,  0.0000    ,  0.0000    ,  0.0000    ,  0.0000    ,  0.0000    ,  0.0000    ,  0.0000    ,  0.0000    ,  0.0000    ,  0.0000    ,  0.0000    ,  0.0000    ,  0.0000    ,  0.0000    ,  0.0000    ,  0.0000    ,  0.0000    ,  0.0000    ,  0.0000    ,  0.0000    ,  0.0000    ,  0.0000    ,  0.0000    ,  0.0000    ,  0.0000    ,  0.0000    ,  0.0000    ,  0.0000    ,  0.0000    ,  0.0000    ,  0.0000    ,  0.0000    ,  0.0000    ,  0.0000    ,  0.0000    ,  0.0000    ,  0.0000    ,  0.0000    ,  0.0000    ,  0.0000    ,  0.0000    ,  0.0000    ,  0.0000    ,  0.0000    ,  0.0000    ,  0.0000    ,  0.0000    ,  0.0000    ,  0.0000    ,  0.0000    ,  0.0000    ,  0.0000    ,  0.0000    ,  0.0000    ,  0.0000    ,  0.0000    ,  0.0000    ,  0.0000    ,  0.0000    ,  0.0000    ,  0.0000    ,  0.0000    ,  0.0000    ,  0.0000    ,  0.0000    ,  0.0000    ,  0.0000    ,  0.0000    ,  0.0000    ,  0.0000    ,  0.0000    ,  0.0000    ,  0.0000    ,  0.0000    ,  0.0000    ,  0.0000    ,  0.0000    ,  0.0000    ,  0.0000    ,  0.0000    ,  0.0000    ,  0.0000    ,  0.0000    ,  0.0000    ,  0.0000    ,  0.0000    ,  0.0000    ,  0.0000    ,  0.0000    ,  0.0000    ,  0.0000    ,  0.0000    ,  0.0000    ,  0.0000    ,  0.0000    ,  0.0000    ,  0.0000    ,  0.0000    ,  0.0000    ,  0.0000    ,  0.0000    ,  0.0000    ,  0.0000    ,  0.0000    ,  0.0000    ,  0.0000    ,  0.0000    ,  0.0000    ,  0.0000    ,  0.0000    ,  0.0000    ,  0.0000    ,  0.0000    ,  0.0000    ,  0.0000    ,  0.0000    ,  0.0000    ,  0.0000    ,  0.0000    ,  0.0000    ,  0.0000    ,  0.0000    ,  0.0000    ,  0.0000    ,  0.0000    ,  0.0000    ,  0.0000    ,  0.0000      
   3,   1,   3,  0.0000    ,  0.0000    ,  0.0000    ,  0.0000    ,  0.0000    ,  0.0000    ,  0.0000    ,  0.0000    ,  0.0000    ,  0.0000    ,  0.0000    ,  0.0000    ,  0.0000    ,  0.0000    ,  0.0000    ,  0.0000    ,  0.0000    ,  0.0000    ,  0.0000    ,  0.0000    ,  0.0000    ,  0.0000    ,  0.0000    ,  0.0000    ,  0.0000    ,  0.0000    ,  0.0000    ,  0.0000    ,  0.0000    ,  0.0000    ,  0.0000    ,  0.0000    ,  0.0000    ,  0.0000    ,  0.0000    ,  0.0000    ,  0.0000    ,  0.0000    ,  0.0000    ,  0.0000    ,  0.0000    ,  0.0000    ,  0.0000    ,  0.0000    ,  0.0000    ,  0.0000    ,  0.0000    ,  0.0000    ,  0.0000    ,  0.0000    ,  0.0000    ,  0.0000    ,  0.0000    ,  0.0000    ,  0.0000    ,  0.0000    ,  0.0000    ,  0.0000    ,  0.0000    ,  0.0000    ,  0.0000    ,  0.0000    ,  0.0000    ,  0.0000    ,  0.0000    ,  0.0000    ,  0.0000    ,  0.0000    ,  0.0000    ,  0.0000    ,  0.0000    ,  0.0000    ,  0.0000    ,  0.0000    ,  0.0000    ,  0.0000    ,  0.0000    ,  0.0000    ,  0.0000    ,  0.0000    ,  0.0000    ,  0.0000    ,  0.0000    ,  0.0000    ,  0.0000    ,  0.0000    ,  0.0000    ,  0.0000    ,  0.0000    ,  0.0000    ,  0.0000    ,  0.0000    ,  0.0000    ,  0.0000    ,  0.0000    ,  0.0000    ,  0.0000    ,  0.0000    ,  0.0000    ,  0.0000    ,  0.0000    ,  0.0000    ,  0.0000    ,  0.0000    ,  0.0000    ,  0.0000    ,  0.0000    ,  0.0000    ,  0.0000    ,  0.0000    ,  0.0000    ,  0.0000    ,  0.0000    ,  0.0000    ,  0.0000    ,  0.0000    ,  0.0000    ,  0.0000    ,  0.0000    ,  0.0000    ,  0.0000    ,  0.0000    ,  0.0000    ,  0.0000    ,  0.0000    ,  0.0000    ,  0.0000    ,  0.0000    ,  0.0000    ,  0.0000    ,  0.0000    ,  0.0000    ,  0.0000    ,  0.0000      
   4,   1,   1,  0.0000    ,  0.0000    ,  0.0000    ,  0.0000    ,  0.0000    ,  0.0000    ,  0.0000    ,  0.0000    ,  0.0000    ,  0.0000    ,  0.0000    ,  0.0000    ,  0.0000    ,  0.0000    ,  0.0000    ,  0.0000    ,  0.0000    ,  0.0000    ,  0.0000    ,  0.0000    ,  0.0000    ,  0.0000    ,  0.0000    ,  0.0000    ,  0.0000    ,  0.0000    ,  0.0000    ,  0.0000    ,  0.0000    ,  0.0000    ,  0.0000    ,  0.0000    ,  0.0000    ,  0.0000    ,  0.0000    ,  0.0000    ,  0.0000    ,  0.0000    ,  0.0000    ,  0.0000    ,  0.0000    ,  0.0000    ,  0.0000    ,  0.0000    ,  0.0000    ,  0.0000    ,  0.0000    ,  0.0000    ,  0.0000    ,  0.0000    ,  0.0000    ,  0.0000    ,  0.0000    ,  0.0000    ,  0.0000    ,  0.0000    ,  0.0000    ,  0.0000    ,  0.0000    ,  0.0000    ,  0.0000    ,  0.0000    ,  0.0000    ,  0.0000    ,  0.0000    ,  0.0000    ,  0.0000    ,  0.0000    ,  0.0000    ,  0.0000    ,  0.0000    ,  0.0000    ,  0.0000    ,  0.0000    ,  0.0000    ,  0.0000    ,  0.0000    ,  0.0000    ,  0.0000    ,  0.0000    ,  0.0000    ,  0.0000    ,  0.0000    ,  0.0000    ,  0.0000    ,  0.0000    ,  0.0000    ,  0.0000    ,  0.0000    ,  0.0000    ,  0.0000    ,  0.0000    ,  0.0000    ,  0.0000    ,  0.0000    ,  0.0000    ,  0.0000    ,  0.0000    ,  0.0000    ,  0.0000    ,  0.0000    ,  0.0000    ,  0.0000    ,  0.0000    ,  0.0000    ,  0.0000    ,  0.0000    ,  0.0000    ,  0.0000    ,  0.0000    ,  0.0000    ,  0.0000    ,  0.0000    ,  0.0000    ,  0.0000    ,  0.0000    ,  0.0000    ,  0.0000    ,  0.0000    ,  0.0000    ,  0.0000    ,  0.0000    ,  0.0000    ,  0.0000    ,  0.0000    ,  0.0000    ,  0.0000    ,  0.0000    ,  0.0000    ,  0.0000    ,  0.0000    ,  0.0000    ,  0.0000    ,  0.0000      
   4,   1,   2,  0.0000    ,  0.0000    ,  0.0000    ,  0.0000    ,  0.0000    ,  0.0000    ,  0.0000    ,  0.0000    ,  0.0000    ,  0.0000    ,  0.0000    ,  0.0000    ,  0.0000    ,  0.0000    ,  0.0000    ,  0.0000    ,  0.0000    ,  0.0000    ,  0.0000    ,  0.0000    ,  0.0000    ,  0.0000    ,  0.0000    ,  0.0000    ,  0.0000    ,  0.0000    ,  0.0000    ,  0.0000    ,  0.0000    ,  0.0000    ,  0.0000    ,  0.0000    ,  0.0000    ,  0.0000    ,  0.0000    ,  0.0000    ,  0.0000    ,  0.0000    ,  0.0000    ,  0.0000    ,  0.0000    ,  0.0000    ,  0.0000    ,  0.0000    ,  0.0000    ,  0.0000    ,  0.0000    ,  0.0000    ,  0.0000    ,  0.0000    ,  0.0000    ,  0.0000    ,  0.0000    ,  0.0000    ,  0.0000    ,  0.0000    ,  0.0000    ,  0.0000    ,  0.0000    ,  0.0000    ,  0.0000    ,  0.0000    ,  0.0000    ,  0.0000    ,  0.0000    ,  0.0000    ,  0.0000    ,  0.0000    ,  0.0000    ,  0.0000    ,  0.0000    ,  0.0000    ,  0.0000    ,  0.0000    ,  0.0000    ,  0.0000    ,  0.0000    ,  0.0000    ,  0.0000    ,  0.0000    ,  0.0000    ,  0.0000    ,  0.0000    ,  0.0000    ,  0.0000    ,  0.0000    ,  0.0000    ,  0.0000    ,  0.0000    ,  0.0000    ,  0.0000    ,  0.0000    ,  0.0000    ,  0.0000    ,  0.0000    ,  0.0000    ,  0.0000    ,  0.0000    ,  0.0000    ,  0.0000    ,  0.0000    ,  0.0000    ,  0.0000    ,  0.0000    ,  0.0000    ,  0.0000    ,  0.0000    ,  0.0000    ,  0.0000    ,  0.0000    ,  0.0000    ,  0.0000    ,  0.0000    ,  0.0000    ,  0.0000    ,  0.0000    ,  0.0000    ,  0.0000    ,  0.0000    ,  0.0000    ,  0.0000    ,  0.0000    ,  0.0000    ,  0.0000    ,  0.0000    ,  0.0000    ,  0.0000    ,  0.0000    ,  0.0000    ,  0.0000    ,  0.0000    ,  0.0000    ,  0.0000    ,  0.0000      
   4,   1,   3,  0.0000    ,  0.0000    ,  0.0000    ,  0.0000    ,  0.0000    ,  0.0000    ,  0.0000    ,  0.0000    ,  0.0000    ,  0.0000    ,  0.0000    ,  0.0000    ,  0.0000    ,  0.0000    ,  0.0000    ,  0.0000    ,  0.0000    ,  0.0000    ,  0.0000    ,  0.0000    ,  0.0000    ,  0.0000    ,  0.0000    ,  0.0000    ,  0.0000    ,  0.0000    ,  0.0000    ,  0.0000    ,  0.0000    ,  0.0000    ,  0.0000    ,  0.0000    ,  0.0000    ,  0.0000    ,  0.0000    ,  0.0000    ,  0.0000    ,  0.0000    ,  0.0000    ,  0.0000    ,  0.0000    ,  0.0000    ,  0.0000    ,  0.0000    ,  0.0000    ,  0.0000    ,  0.0000    ,  0.0000    ,  0.0000    ,  0.0000    ,  0.0000    ,  0.0000    ,  0.0000    ,  0.0000    ,  0.0000    ,  0.0000    ,  0.0000    ,  0.0000    ,  0.0000    ,  0.0000    ,  0.0000    ,  0.0000    ,  0.0000    ,  0.0000    ,  0.0000    ,  0.0000    ,  0.0000    ,  0.0000    ,  0.0000    ,  0.0000    ,  0.0000    ,  0.0000    ,  0.0000    ,  0.0000    ,  0.0000    ,  0.0000    ,  0.0000    ,  0.0000    ,  0.0000    ,  0.0000    ,  0.0000    ,  0.0000    ,  0.0000    ,  0.0000    ,  0.0000    ,  0.0000    ,  0.0000    ,  0.0000    ,  0.0000    ,  0.0000    ,  0.0000    ,  0.0000    ,  0.0000    ,  0.0000    ,  0.0000    ,  0.0000    ,  0.0000    ,  0.0000    ,  0.0000    ,  0.0000    ,  0.0000    ,  0.0000    ,  0.0000    ,  0.0000    ,  0.0000    ,  0.0000    ,  0.0000    ,  0.0000    ,  0.0000    ,  0.0000    ,  0.0000    ,  0.0000    ,  0.0000    ,  0.0000    ,  0.0000    ,  0.0000    ,  0.0000    ,  0.0000    ,  0.0000    ,  0.0000    ,  0.0000    ,  0.0000    ,  0.0000    ,  0.0000    ,  0.0000    ,  0.0000    ,  0.0000    ,  0.0000    ,  0.0000    ,  0.0000    ,  0.0000    ,  0.0000    ,  0.0000    ,  0.0000      
   5,   1,   1,  0.0000    ,  0.0000    ,  0.0000    ,  0.0000    ,  0.0000    ,  0.0000    ,  0.0000    ,  0.0000    ,  0.0000    ,  0.0000    ,  0.0000    ,  0.0000    ,  0.0000    ,  0.0000    ,  0.0000    ,  0.0000    ,  0.0000    ,  0.0000    ,  0.0000    ,  0.0000    ,  0.0000    ,  0.0000    ,  0.0000    ,  0.0000    ,  0.0000    ,  0.0000    ,  0.0000    ,  0.0000    ,  0.0000    ,  0.0000    ,  0.0000    ,  0.0000    ,  0.0000    ,  0.0000    ,  0.0000    ,  0.0000    ,  0.0000    ,  0.0000    ,  0.0000    ,  0.0000    ,  0.0000    ,  0.0000    ,  0.0000    ,  0.0000    ,  0.0000    ,  0.0000    ,  0.0000    ,  0.0000    ,  0.0000    ,  0.0000    ,  0.0000    ,  0.0000    ,  0.0000    ,  0.0000    ,  0.0000    ,  0.0000    ,  0.0000    ,  0.0000    ,  0.0000    ,  0.0000    ,  0.0000    ,  0.0000    ,  0.0000    ,  0.0000    ,  0.0000    ,  0.0000    ,  0.0000    ,  0.0000    ,  0.0000    ,  0.0000    ,  0.0000    ,  0.0000    ,  0.0000    ,  0.0000    ,  0.0000    ,  0.0000    ,  0.0000    ,  0.0000    ,  0.0000    ,  0.0000    ,  0.0000    ,  0.0000    ,  0.0000    ,  0.0000    ,  0.0000    ,  0.0000    ,  0.0000    ,  0.0000    ,  0.0000    ,  0.0000    ,  0.0000    ,  0.0000    ,  0.0000    ,  0.0000    ,  0.0000    ,  0.0000    ,  0.0000    ,  0.0000    ,  0.0000    ,  0.0000    ,  0.0000    ,  0.0000    ,  0.0000    ,  0.0000    ,  0.0000    ,  0.0000    ,  0.0000    ,  0.0000    ,  0.0000    ,  0.0000    ,  0.0000    ,  0.0000    ,  0.0000    ,  0.0000    ,  0.0000    ,  0.0000    ,  0.0000    ,  0.0000    ,  0.0000    ,  0.0000    ,  0.0000    ,  0.0000    ,  0.0000    ,  0.0000    ,  0.0000    ,  0.0000    ,  0.0000    ,  0.0000    ,  0.0000    ,  0.0000    ,  0.0000    ,  0.0000    ,  0.0000    ,  0.0000      
   5,   1,   2,  0.0000    ,  0.0000    ,  0.0000    ,  0.0000    ,  0.0000    ,  0.0000    ,  0.0000    ,  0.0000    ,  0.0000    ,  0.0000    ,  0.0000    ,  0.0000    ,  0.0000    ,  0.0000    ,  0.0000    ,  0.0000    ,  0.0000    ,  0.0000    ,  0.0000    ,  0.0000    ,  0.0000    ,  0.0000    ,  0.0000    ,  0.0000    ,  0.0000    ,  0.0000    ,  0.0000    ,  0.0000    ,  0.0000    ,  0.0000    ,  0.0000    ,  0.0000    ,  0.0000    ,  0.0000    ,  0.0000    ,  0.0000    ,  0.0000    ,  0.0000    ,  0.0000    ,  0.0000    ,  0.0000    ,  0.0000    ,  0.0000    ,  0.0000    ,  0.0000    ,  0.0000    ,  0.0000    ,  0.0000    ,  0.0000    ,  0.0000    ,  0.0000    ,  0.0000    ,  0.0000    ,  0.0000    ,  0.0000    ,  0.0000    ,  0.0000    ,  0.0000    ,  0.0000    ,  0.0000    ,  0.0000    ,  0.0000    ,  0.0000    ,  0.0000    ,  0.0000    ,  0.0000    ,  0.0000    ,  0.0000    ,  0.0000    ,  0.0000    ,  0.0000    ,  0.0000    ,  0.0000    ,  0.0000    ,  0.0000    ,  0.0000    ,  0.0000    ,  0.0000    ,  0.0000    ,  0.0000    ,  0.0000    ,  0.0000    ,  0.0000    ,  0.0000    ,  0.0000    ,  0.0000    ,  0.0000    ,  0.0000    ,  0.0000    ,  0.0000    ,  0.0000    ,  0.0000    ,  0.0000    ,  0.0000    ,  0.0000    ,  0.0000    ,  0.0000    ,  0.0000    ,  0.0000    ,  0.0000    ,  0.0000    ,  0.0000    ,  0.0000    ,  0.0000    ,  0.0000    ,  0.0000    ,  0.0000    ,  0.0000    ,  0.0000    ,  0.0000    ,  0.0000    ,  0.0000    ,  0.0000    ,  0.0000    ,  0.0000    ,  0.0000    ,  0.0000    ,  0.0000    ,  0.0000    ,  0.0000    ,  0.0000    ,  0.0000    ,  0.0000    ,  0.0000    ,  0.0000    ,  0.0000    ,  0.0000    ,  0.0000    ,  0.0000    ,  0.0000    ,  0.0000    ,  0.0000    ,  0.0000    ,  0.0000      
   5,   1,   3,  0.0000    ,  0.0000    ,  0.0000    ,  0.0000    ,  0.0000    ,  0.0000    ,  0.0000    ,  0.0000    ,  0.0000    ,  0.0000    ,  0.0000    ,  0.0000    ,  0.0000    ,  0.0000    ,  0.0000    ,  0.0000    ,  0.0000    ,  0.0000    ,  0.0000    ,  0.0000    ,  0.0000    ,  0.0000    ,  0.0000    ,  0.0000    ,  0.0000    ,  0.0000    ,  0.0000    ,  0.0000    ,  0.0000    ,  0.0000    ,  0.0000    ,  0.0000    ,  0.0000    ,  0.0000    ,  0.0000    ,  0.0000    ,  0.0000    ,  0.0000    ,  0.0000    ,  0.0000    ,  0.0000    ,  0.0000    ,  0.0000    ,  0.0000    ,  0.0000    ,  0.0000    ,  0.0000    ,  0.0000    ,  0.0000    ,  0.0000    ,  0.0000    ,  0.0000    ,  0.0000    ,  0.0000    ,  0.0000    ,  0.0000    ,  0.0000    ,  0.0000    ,  0.0000    ,  0.0000    ,  0.0000    ,  0.0000    ,  0.0000    ,  0.0000    ,  0.0000    ,  0.0000    ,  0.0000    ,  0.0000    ,  0.0000    ,  0.0000    ,  0.0000    ,  0.0000    ,  0.0000    ,  0.0000    ,  0.0000    ,  0.0000    ,  0.0000    ,  0.0000    ,  0.0000    ,  0.0000    ,  0.0000    ,  0.0000    ,  0.0000    ,  0.0000    ,  0.0000    ,  0.0000    ,  0.0000    ,  0.0000    ,  0.0000    ,  0.0000    ,  0.0000    ,  0.0000    ,  0.0000    ,  0.0000    ,  0.0000    ,  0.0000    ,  0.0000    ,  0.0000    ,  0.0000    ,  0.0000    ,  0.0000    ,  0.0000    ,  0.0000    ,  0.0000    ,  0.0000    ,  0.0000    ,  0.0000    ,  0.0000    ,  0.0000    ,  0.0000    ,  0.0000    ,  0.0000    ,  0.0000    ,  0.0000    ,  0.0000    ,  0.0000    ,  0.0000    ,  0.0000    ,  0.0000    ,  0.0000    ,  0.0000    ,  0.0000    ,  0.0000    ,  0.0000    ,  0.0000    ,  0.0000    ,  0.0000    ,  0.0000    ,  0.0000    ,  0.0000    ,  0.0000    ,  0.0000    ,  0.0000    ,  0.0000      
   6,   1,   1,  0.0000    ,  0.0000    ,  0.0000    ,  0.0000    ,  0.0000    ,  0.0000    ,  0.0000    ,  0.0000    ,  0.0000    ,  0.0000    ,  0.0000    ,  0.0000    ,  0.0000    ,  0.0000    ,  0.0000    ,  0.0000    ,  0.0000    ,  0.0000    ,  0.0000    ,  0.0000    ,  0.0000    ,  0.0000    ,  0.0000    ,  0.0000    ,  0.0000    ,  0.0000    ,  0.0000    ,  0.0000    ,  0.0000    ,  0.0000    ,  0.0000    ,  0.0000    ,  0.0000    ,  0.0000    ,  0.0000    ,  0.0000    ,  0.0000    ,  0.0000    ,  0.0000    ,  0.0000    ,  0.0000    ,  0.0000    ,  0.0000    ,  0.0000    ,  0.0000    ,  0.0000    ,  0.0000    ,  0.0000    ,  0.0000    ,  0.0000    ,  0.0000    ,  0.0000    ,  0.0000    ,  0.0000    ,  0.0000    ,  0.0000    ,  0.0000    ,  0.0000    ,  0.0000    ,  0.0000    ,  0.0000    ,  0.0000    ,  0.0000    ,  0.0000    ,  0.0000    ,  0.0000    ,  0.0000    ,  0.0000    ,  0.0000    ,  0.0000    ,  0.0000    ,  0.0000    ,  0.0000    ,  0.0000    ,  0.0000    ,  0.0000    ,  0.0000    ,  0.0000    ,  0.0000    ,  0.0000    ,  0.0000    ,  0.0000    ,  0.0000    ,  0.0000    ,  0.0000    ,  0.0000    ,  0.0000    ,  0.0000    ,  0.0000    ,  0.0000    ,  0.0000    ,  0.0000    ,  0.0000    ,  0.0000    ,  0.0000    ,  0.0000    ,  0.0000    ,  0.0000    ,  0.0000    ,  0.0000    ,  0.0000    ,  0.0000    ,  0.0000    ,  0.0000    ,  0.0000    ,  0.0000    ,  0.0000    ,  0.0000    ,  0.0000    ,  0.0000    ,  0.0000    ,  0.0000    ,  0.0000    ,  0.0000    ,  0.0000    ,  0.0000    ,  0.0000    ,  0.0000    ,  0.0000    ,  0.0000    ,  0.0000    ,  0.0000    ,  0.0000    ,  0.0000    ,  0.0000    ,  0.0000    ,  0.0000    ,  0.0000    ,  0.0000    ,  0.0000    ,  0.0000    ,  0.0000    ,  0.0000    ,  0.0000      
   6,   1,   2,  0.0000    ,  0.0000    ,  0.0000    ,  0.0000    ,  0.0000    ,  0.0000    ,  0.0000    ,  0.0000    ,  0.0000    ,  0.0000    ,  0.0000    ,  0.0000    ,  0.0000    ,  0.0000    ,  0.0000    ,  0.0000    ,  0.0000    ,  0.0000    ,  0.0000    ,  0.0000    ,  0.0000    ,  0.0000    ,  0.0000    ,  0.0000    ,  0.0000    ,  0.0000    ,  0.0000    ,  0.0000    ,  0.0000    ,  0.0000    ,  0.0000    ,  0.0000    ,  0.0000    ,  0.0000    ,  0.0000    ,  0.0000    ,  0.0000    ,  0.0000    ,  0.0000    ,  0.0000    ,  0.0000    ,  0.0000    ,  0.0000    ,  0.0000    ,  0.0000    ,  0.0000    ,  0.0000    ,  0.0000    ,  0.0000    ,  0.0000    ,  0.0000    ,  0.0000    ,  0.0000    ,  0.0000    ,  0.0000    ,  0.0000    ,  0.0000    ,  0.0000    ,  0.0000    ,  0.0000    ,  0.0000    ,  0.0000    ,  0.0000    ,  0.0000    ,  0.0000    ,  0.0000    ,  0.0000    ,  0.0000    ,  0.0000    ,  0.0000    ,  0.0000    ,  0.0000    ,  0.0000    ,  0.0000    ,  0.0000    ,  0.0000    ,  0.0000    ,  0.0000    ,  0.0000    ,  0.0000    ,  0.0000    ,  0.0000    ,  0.0000    ,  0.0000    ,  0.0000    ,  0.0000    ,  0.0000    ,  0.0000    ,  0.0000    ,  0.0000    ,  0.0000    ,  0.0000    ,  0.0000    ,  0.0000    ,  0.0000    ,  0.0000    ,  0.0000    ,  0.0000    ,  0.0000    ,  0.0000    ,  0.0000    ,  0.0000    ,  0.0000    ,  0.0000    ,  0.0000    ,  0.0000    ,  0.0000    ,  0.0000    ,  0.0000    ,  0.0000    ,  0.0000    ,  0.0000    ,  0.0000    ,  0.0000    ,  0.0000    ,  0.0000    ,  0.0000    ,  0.0000    ,  0.0000    ,  0.0000    ,  0.0000    ,  0.0000    ,  0.0000    ,  0.0000    ,  0.0000    ,  0.0000    ,  0.0000    ,  0.0000    ,  0.0000    ,  0.0000    ,  0.0000    ,  0.0000    ,  0.0000    ,  0.0000      
   6,   1,   3,  0.0000    ,  0.0000    ,  0.0000    ,  0.0000    ,  0.0000    ,  0.0000    ,  0.0000    ,  0.0000    ,  0.0000    ,  0.0000    ,  0.0000    ,  0.0000    ,  0.0000    ,  0.0000    ,  0.0000    ,  0.0000    ,  0.0000    ,  0.0000    ,  0.0000    ,  0.0000    ,  0.0000    ,  0.0000    ,  0.0000    ,  0.0000    ,  0.0000    ,  0.0000    ,  0.0000    ,  0.0000    ,  0.0000    ,  0.0000    ,  0.0000    ,  0.0000    ,  0.0000    ,  0.0000    ,  0.0000    ,  0.0000    ,  0.0000    ,  0.0000    ,  0.0000    ,  0.0000    ,  0.0000    ,  0.0000    ,  0.0000    ,  0.0000    ,  0.0000    ,  0.0000    ,  0.0000    ,  0.0000    ,  0.0000    ,  0.0000    ,  0.0000    ,  0.0000    ,  0.0000    ,  0.0000    ,  0.0000    ,  0.0000    ,  0.0000    ,  0.0000    ,  0.0000    ,  0.0000    ,  0.0000    ,  0.0000    ,  0.0000    ,  0.0000    ,  0.0000    ,  0.0000    ,  0.0000    ,  0.0000    ,  0.0000    ,  0.0000    ,  0.0000    ,  0.0000    ,  0.0000    ,  0.0000    ,  0.0000    ,  0.0000    ,  0.0000    ,  0.0000    ,  0.0000    ,  0.0000    ,  0.0000    ,  0.0000    ,  0.0000    ,  0.0000    ,  0.0000    ,  0.0000    ,  0.0000    ,  0.0000    ,  0.0000    ,  0.0000    ,  0.0000    ,  0.0000    ,  0.0000    ,  0.0000    ,  0.0000    ,  0.0000    ,  0.0000    ,  0.0000    ,  0.0000    ,  0.0000    ,  0.0000    ,  0.0000    ,  0.0000    ,  0.0000    ,  0.0000    ,  0.0000    ,  0.0000    ,  0.0000    ,  0.0000    ,  0.0000    ,  0.0000    ,  0.0000    ,  0.0000    ,  0.0000    ,  0.0000    ,  0.0000    ,  0.0000    ,  0.0000    ,  0.0000    ,  0.0000    ,  0.0000    ,  0.0000    ,  0.0000    ,  0.0000    ,  0.0000    ,  0.0000    ,  0.0000    ,  0.0000    ,  0.0000    ,  0.0000    ,  0.0000    ,  0.0000    ,  0.0000    ,  0.0000      
   7,   1,   1,  0.0000    ,  0.0000    ,  0.0000    ,  0.0000    ,  0.0000    ,  0.0000    ,  0.0000    ,  0.0000    ,  0.0000    ,  0.0000    ,  0.0000    ,  0.0000    ,  0.0000    ,  0.0000    ,  0.0000    ,  0.0000    ,  0.0000    ,  0.0000    ,  0.0000    ,  0.0000    ,  0.0000    ,  0.0000    ,  0.0000    ,  0.0000    ,  0.0000    ,  0.0000    ,  0.0000    ,  0.0000    ,  0.0000    ,  0.0000    ,  0.0000    ,  0.0000    ,  0.0000    ,  0.0000    ,  0.0000    ,  0.0000    ,  0.0000    ,  0.0000    ,  0.0000    ,  0.0000    ,  0.0000    ,  0.0000    ,  0.0000    ,  0.0000    ,  0.0000    ,  0.0000    ,  0.0000    ,  0.0000    ,  0.0000    ,  0.0000    ,  0.0000    ,  0.0000    ,  0.0000    ,  0.0000    ,  0.0000    ,  0.0000    ,  0.0000    ,  0.0000    ,  0.0000    ,  0.0000    ,  0.0000    ,  0.0000    ,  0.0000    ,  0.0000    ,  0.0000    ,  0.0000    ,  0.0000    ,  0.0000    ,  0.0000    ,  0.0000    ,  0.0000    ,  0.0000    ,  0.0000    ,  0.0000    ,  0.0000    ,  0.0000    ,  0.0000    ,  0.0000    ,  0.0000    ,  0.0000    ,  0.0000    ,  0.0000    ,  0.0000    ,  0.0000    ,  0.0000    ,  0.0000    ,  0.0000    ,  0.0000    ,  0.0000    ,  0.0000    ,  0.0000    ,  0.0000    ,  0.0000    ,  0.0000    ,  0.0000    ,  0.0000    ,  0.0000    ,  0.0000    ,  0.0000    ,  0.0000    ,  0.0000    ,  0.0000    ,  0.0000    ,  0.0000    ,  0.0000    ,  0.0000    ,  0.0000    ,  0.0000    ,  0.0000    ,  0.0000    ,  0.0000    ,  0.0000    ,  0.0000    ,  0.0000    ,  0.0000    ,  0.0000    ,  0.0000    ,  0.0000    ,  0.0000    ,  0.0000    ,  0.0000    ,  0.0000    ,  0.0000    ,  0.0000    ,  0.0000    ,  0.0000    ,  0.0000    ,  0.0000    ,  0.0000    ,  0.0000    ,  0.0000    ,  0.0000    ,  0.0000    ,  0.0000      
   7,   1,   2,  0.0000    ,  0.0000    ,  0.0000    ,  0.0000    ,  0.0000    ,  0.0000    ,  0.0000    ,  0.0000    ,  0.0000    ,  0.0000    ,  0.0000    ,  0.0000    ,  0.0000    ,  0.0000    ,  0.0000    ,  0.0000    ,  0.0000    ,  0.0000    ,  0.0000    ,  0.0000    ,  0.0000    ,  0.0000    ,  0.0000    ,  0.0000    ,  0.0000    ,  0.0000    ,  0.0000    ,  0.0000    ,  0.0000    ,  0.0000    ,  0.0000    ,  0.0000    ,  0.0000    ,  0.0000    ,  0.0000    ,  0.0000    ,  0.0000    ,  0.0000    ,  0.0000    ,  0.0000    ,  0.0000    ,  0.0000    ,  0.0000    ,  0.0000    ,  0.0000    ,  0.0000    ,  0.0000    ,  0.0000    ,  0.0000    ,  0.0000    ,  0.0000    ,  0.0000    ,  0.0000    ,  0.0000    ,  0.0000    ,  0.0000    ,  0.0000    ,  0.0000    ,  0.0000    ,  0.0000    ,  0.0000    ,  0.0000    ,  0.0000    ,  0.0000    ,  0.0000    ,  0.0000    ,  0.0000    ,  0.0000    ,  0.0000    ,  0.0000    ,  0.0000    ,  0.0000    ,  0.0000    ,  0.0000    ,  0.0000    ,  0.0000    ,  0.0000    ,  0.0000    ,  0.0000    ,  0.0000    ,  0.0000    ,  0.0000    ,  0.0000    ,  0.0000    ,  0.0000    ,  0.0000    ,  0.0000    ,  0.0000    ,  0.0000    ,  0.0000    ,  0.0000    ,  0.0000    ,  0.0000    ,  0.0000    ,  0.0000    ,  0.0000    ,  0.0000    ,  0.0000    ,  0.0000    ,  0.0000    ,  0.0000    ,  0.0000    ,  0.0000    ,  0.0000    ,  0.0000    ,  0.0000    ,  0.0000    ,  0.0000    ,  0.0000    ,  0.0000    ,  0.0000    ,  0.0000    ,  0.0000    ,  0.0000    ,  0.0000    ,  0.0000    ,  0.0000    ,  0.0000    ,  0.0000    ,  0.0000    ,  0.0000    ,  0.0000    ,  0.0000    ,  0.0000    ,  0.0000    ,  0.0000    ,  0.0000    ,  0.0000    ,  0.0000    ,  0.0000    ,  0.0000    ,  0.0000    ,  0.0000    ,  0.0000      
   7,   1,   3,  0.0000    ,  0.0000    ,  0.0000    ,  0.0000    ,  0.0000    ,  0.0000    ,  0.0000    ,  0.0000    ,  0.0000    ,  0.0000    ,  0.0000    ,  0.0000    ,  0.0000    ,  0.0000    ,  0.0000    ,  0.0000    ,  0.0000    ,  0.0000    ,  0.0000    ,  0.0000    ,  0.0000    ,  0.0000    ,  0.0000    ,  0.0000    ,  0.0000    ,  0.0000    ,  0.0000    ,  0.0000    ,  0.0000    ,  0.0000    ,  0.0000    ,  0.0000    ,  0.0000    ,  0.0000    ,  0.0000    ,  0.0000    ,  0.0000    ,  0.0000    ,  0.0000    ,  0.0000    ,  0.0000    ,  0.0000    ,  0.0000    ,  0.0000    ,  0.0000    ,  0.0000    ,  0.0000    ,  0.0000    ,  0.0000    ,  0.0000    ,  0.0000    ,  0.0000    ,  0.0000    ,  0.0000    ,  0.0000    ,  0.0000    ,  0.0000    ,  0.0000    ,  0.0000    ,  0.0000    ,  0.0000    ,  0.0000    ,  0.0000    ,  0.0000    ,  0.0000    ,  0.0000    ,  0.0000    ,  0.0000    ,  0.0000    ,  0.0000    ,  0.0000    ,  0.0000    ,  0.0000    ,  0.0000    ,  0.0000    ,  0.0000    ,  0.0000    ,  0.0000    ,  0.0000    ,  0.0000    ,  0.0000    ,  0.0000    ,  0.0000    ,  0.0000    ,  0.0000    ,  0.0000    ,  0.0000    ,  0.0000    ,  0.0000    ,  0.0000    ,  0.0000    ,  0.0000    ,  0.0000    ,  0.0000    ,  0.0000    ,  0.0000    ,  0.0000    ,  0.0000    ,  0.0000    ,  0.0000    ,  0.0000    ,  0.0000    ,  0.0000    ,  0.0000    ,  0.0000    ,  0.0000    ,  0.0000    ,  0.0000    ,  0.0000    ,  0.0000    ,  0.0000    ,  0.0000    ,  0.0000    ,  0.0000    ,  0.0000    ,  0.0000    ,  0.0000    ,  0.0000    ,  0.0000    ,  0.0000    ,  0.0000    ,  0.0000    ,  0.0000    ,  0.0000    ,  0.0000    ,  0.0000    ,  0.0000    ,  0.0000    ,  0.0000    ,  0.0000    ,  0.0000    ,  0.0000    ,  0.0000    ,  0.0000      
   8,   1,   1,  0.0000    ,  0.0000    ,  0.0000    ,  0.0000    ,  0.0000    ,  0.0000    ,  0.0000    ,  0.0000    ,  0.0000    ,  0.0000    ,  0.0000    ,  0.0000    ,  0.0000    ,  0.0000    ,  0.0000    ,  0.0000    ,  0.0000    ,  0.0000    ,  0.0000    ,  0.0000    ,  0.0000    ,  0.0000    ,  0.0000    ,  0.0000    ,  0.0000    ,  0.0000    ,  0.0000    ,  0.0000    ,  0.0000    ,  0.0000    ,  0.0000    ,  0.0000    ,  0.0000    ,  0.0000    ,  0.0000    ,  0.0000    ,  0.0000    ,  0.0000    ,  0.0000    ,  0.0000    ,  0.0000    ,  0.0000    ,  0.0000    ,  0.0000    ,  0.0000    ,  0.0000    ,  0.0000    ,  0.0000    ,  0.0000    ,  0.0000    ,  0.0000    ,  0.0000    ,  0.0000    ,  0.0000    ,  0.0000    ,  0.0000    ,  0.0000    ,  0.0000    ,  0.0000    ,  0.0000    ,  0.0000    ,  0.0000    ,  0.0000    ,  0.0000    ,  0.0000    ,  0.0000    ,  0.0000    ,  0.0000    ,  0.0000    ,  0.0000    ,  0.0000    ,  0.0000    ,  0.0000    ,  0.0000    ,  0.0000    ,  0.0000    ,  0.0000    ,  0.0000    ,  0.0000    ,  0.0000    ,  0.0000    ,  0.0000    ,  0.0000    ,  0.0000    ,  0.0000    ,  0.0000    ,  0.0000    ,  0.0000    ,  0.0000    ,  0.0000    ,  0.0000    ,  0.0000    ,  0.0000    ,  0.0000    ,  0.0000    ,  0.0000    ,  0.0000    ,  0.0000    ,  0.0000    ,  0.0000    ,  0.0000    ,  0.0000    ,  0.0000    ,  0.0000    ,  0.0000    ,  0.0000    ,  0.0000    ,  0.0000    ,  0.0000    ,  0.0000    ,  0.0000    ,  0.0000    ,  0.0000    ,  0.0000    ,  0.0000    ,  0.0000    ,  0.0000    ,  0.0000    ,  0.0000    ,  0.0000    ,  0.0000    ,  0.0000    ,  0.0000    ,  0.0000    ,  0.0000    ,  0.0000    ,  0.0000    ,  0.0000    ,  0.0000    ,  0.0000    ,  0.0000    ,  0.0000    ,  0.0000    ,  0.0000      
   8,   1,   2,  0.0000    ,  0.0000    ,  0.0000    ,  0.0000    ,  0.0000    ,  0.0000    ,  0.0000    ,  0.0000    ,  0.0000    ,  0.0000    ,  0.0000    ,  0.0000    ,  0.0000    ,  0.0000    ,  0.0000    ,  0.0000    ,  0.0000    ,  0.0000    ,  0.0000    ,  0.0000    ,  0.0000    ,  0.0000    ,  0.0000    ,  0.0000    ,  0.0000    ,  0.0000    ,  0.0000    ,  0.0000    ,  0.0000    ,  0.0000    ,  0.0000    ,  0.0000    ,  0.0000    ,  0.0000    ,  0.0000    ,  0.0000    ,  0.0000    ,  0.0000    ,  0.0000    ,  0.0000    ,  0.0000    ,  0.0000    ,  0.0000    ,  0.0000    ,  0.0000    ,  0.0000    ,  0.0000    ,  0.0000    ,  0.0000    ,  0.0000    ,  0.0000    ,  0.0000    ,  0.0000    ,  0.0000    ,  0.0000    ,  0.0000    ,  0.0000    ,  0.0000    ,  0.0000    ,  0.0000    ,  0.0000    ,  0.0000    ,  0.0000    ,  0.0000    ,  0.0000    ,  0.0000    ,  0.0000    ,  0.0000    ,  0.0000    ,  0.0000    ,  0.0000    ,  0.0000    ,  0.0000    ,  0.0000    ,  0.0000    ,  0.0000    ,  0.0000    ,  0.0000    ,  0.0000    ,  0.0000    ,  0.0000    ,  0.0000    ,  0.0000    ,  0.0000    ,  0.0000    ,  0.0000    ,  0.0000    ,  0.0000    ,  0.0000    ,  0.0000    ,  0.0000    ,  0.0000    ,  0.0000    ,  0.0000    ,  0.0000    ,  0.0000    ,  0.0000    ,  0.0000    ,  0.0000    ,  0.0000    ,  0.0000    ,  0.0000    ,  0.0000    ,  0.0000    ,  0.0000    ,  0.0000    ,  0.0000    ,  0.0000    ,  0.0000    ,  0.0000    ,  0.0000    ,  0.0000    ,  0.0000    ,  0.0000    ,  0.0000    ,  0.0000    ,  0.0000    ,  0.0000    ,  0.0000    ,  0.0000    ,  0.0000    ,  0.0000    ,  0.0000    ,  0.0000    ,  0.0000    ,  0.0000    ,  0.0000    ,  0.0000    ,  0.0000    ,  0.0000    ,  0.0000    ,  0.0000    ,  0.0000    ,  0.0000      
   8,   1,   3,  0.0000    ,  0.0000    ,  0.0000    ,  0.0000    ,  0.0000    ,  0.0000    ,  0.0000    ,  0.0000    ,  0.0000    ,  0.0000    ,  0.0000    ,  0.0000    ,  0.0000    ,  0.0000    ,  0.0000    ,  0.0000    ,  0.0000    ,  0.0000    ,  0.0000    ,  0.0000    ,  0.0000    ,  0.0000    ,  0.0000    ,  0.0000    ,  0.0000    ,  0.0000    ,  0.0000    ,  0.0000    ,  0.0000    ,  0.0000    ,  0.0000    ,  0.0000    ,  0.0000    ,  0.0000    ,  0.0000    ,  0.0000    ,  0.0000    ,  0.0000    ,  0.0000    ,  0.0000    ,  0.0000    ,  0.0000    ,  0.0000    ,  0.0000    ,  0.0000    ,  0.0000    ,  0.0000    ,  0.0000    ,  0.0000    ,  0.0000    ,  0.0000    ,  0.0000    ,  0.0000    ,  0.0000    ,  0.0000    ,  0.0000    ,  0.0000    ,  0.0000    ,  0.0000    ,  0.0000    ,  0.0000    ,  0.0000    ,  0.0000    ,  0.0000    ,  0.0000    ,  0.0000    ,  0.0000    ,  0.0000    ,  0.0000    ,  0.0000    ,  0.0000    ,  0.0000    ,  0.0000    ,  0.0000    ,  0.0000    ,  0.0000    ,  0.0000    ,  0.0000    ,  0.0000    ,  0.0000    ,  0.0000    ,  0.0000    ,  0.0000    ,  0.0000    ,  0.0000    ,  0.0000    ,  0.0000    ,  0.0000    ,  0.0000    ,  0.0000    ,  0.0000    ,  0.0000    ,  0.0000    ,  0.0000    ,  0.0000    ,  0.0000    ,  0.0000    ,  0.0000    ,  0.0000    ,  0.0000    ,  0.0000    ,  0.0000    ,  0.0000    ,  0.0000    ,  0.0000    ,  0.0000    ,  0.0000    ,  0.0000    ,  0.0000    ,  0.0000    ,  0.0000    ,  0.0000    ,  0.0000    ,  0.0000    ,  0.0000    ,  0.0000    ,  0.0000    ,  0.0000    ,  0.0000    ,  0.0000    ,  0.0000    ,  0.0000    ,  0.0000    ,  0.0000    ,  0.0000    ,  0.0000    ,  0.0000    ,  0.0000    ,  0.0000    ,  0.0000    ,  0.0000    ,  0.0000    ,  0.0000    ,  0.0000      
   9,   1,   1,  0.0000    ,  0.0000    ,  0.0000    ,  0.0000    ,  0.0000    ,  0.0000    ,  0.0000    ,  0.0000    ,  0.0000    ,  0.0000    ,  0.0000    ,  0.0000    ,  0.0000    ,  0.0000    ,  0.0000    ,  0.0000    ,  0.0000    ,  0.0000    ,  0.0000    ,  0.0000    ,  0.0000    ,  0.0000    ,  0.0000    ,  0.0000    ,  0.0000    ,  0.0000    ,  0.0000    ,  0.0000    ,  0.0000    ,  0.0000    ,  0.0000    ,  0.0000    ,  0.0000    ,  0.0000    ,  0.0000    ,  0.0000    ,  0.0000    ,  0.0000    ,  0.0000    ,  0.0000    ,  0.0000    ,  0.0000    ,  0.0000    ,  0.0000    ,  0.0000    ,  0.0000    ,  0.0000    ,  0.0000    ,  0.0000    ,  0.0000    ,  0.0000    ,  0.0000    ,  0.0000    ,  0.0000    ,  0.0000    ,  0.0000    ,  0.0000    ,  0.0000    ,  0.0000    ,  0.0000    ,  0.0000    ,  0.0000    ,  0.0000    ,  0.0000    ,  0.0000    ,  0.0000    ,  0.0000    ,  0.0000    ,  0.0000    ,  0.0000    ,  0.0000    ,  0.0000    ,  0.0000    ,  0.0000    ,  0.0000    ,  0.0000    ,  0.0000    ,  0.0000    ,  0.0000    ,  0.0000    ,  0.0000    ,  0.0000    ,  0.0000    ,  0.0000    ,  0.0000    ,  0.0000    ,  0.0000    ,  0.0000    ,  0.0000    ,  0.0000    ,  0.0000    ,  0.0000    ,  0.0000    ,  0.0000    ,  0.0000    ,  0.0000    ,  0.0000    ,  0.0000    ,  0.0000    ,  0.0000    ,  0.0000    ,  0.0000    ,  0.0000    ,  0.0000    ,  0.0000    ,  0.0000    ,  0.0000    ,  0.0000    ,  0.0000    ,  0.0000    ,  0.0000    ,  0.0000    ,  0.0000    ,  0.0000    ,  0.0000    ,  0.0000    ,  0.0000    ,  0.0000    ,  0.0000    ,  0.0000    ,  0.0000    ,  0.0000    ,  0.0000    ,  0.0000    ,  0.0000    ,  0.0000    ,  0.0000    ,  0.0000    ,  0.0000    ,  0.0000    ,  0.0000    ,  0.0000    ,  0.0000    ,  0.0000      
   9,   1,   2,  0.0000    ,  0.0000    ,  0.0000    ,  0.0000    ,  0.0000    ,  0.0000    ,  0.0000    ,  0.0000    ,  0.0000    ,  0.0000    ,  0.0000    ,  0.0000    ,  0.0000    ,  0.0000    ,  0.0000    ,  0.0000    ,  0.0000    ,  0.0000    ,  0.0000    ,  0.0000    ,  0.0000    ,  0.0000    ,  0.0000    ,  0.0000    ,  0.0000    ,  0.0000    ,  0.0000    ,  0.0000    ,  0.0000    ,  0.0000    ,  0.0000    ,  0.0000    ,  0.0000    ,  0.0000    ,  0.0000    ,  0.0000    ,  0.0000    ,  0.0000    ,  0.0000    ,  0.0000    ,  0.0000    ,  0.0000    ,  0.0000    ,  0.0000    ,  0.0000    ,  0.0000    ,  0.0000    ,  0.0000    ,  0.0000    ,  0.0000    ,  0.0000    ,  0.0000    ,  0.0000    ,  0.0000    ,  0.0000    ,  0.0000    ,  0.0000    ,  0.0000    ,  0.0000    ,  0.0000    ,  0.0000    ,  0.0000    ,  0.0000    ,  0.0000    ,  0.0000    ,  0.0000    ,  0.0000    ,  0.0000    ,  0.0000    ,  0.0000    ,  0.0000    ,  0.0000    ,  0.0000    ,  0.0000    ,  0.0000    ,  0.0000    ,  0.0000    ,  0.0000    ,  0.0000    ,  0.0000    ,  0.0000    ,  0.0000    ,  0.0000    ,  0.0000    ,  0.0000    ,  0.0000    ,  0.0000    ,  0.0000    ,  0.0000    ,  0.0000    ,  0.0000    ,  0.0000    ,  0.0000    ,  0.0000    ,  0.0000    ,  0.0000    ,  0.0000    ,  0.0000    ,  0.0000    ,  0.0000    ,  0.0000    ,  0.0000    ,  0.0000    ,  0.0000    ,  0.0000    ,  0.0000    ,  0.0000    ,  0.0000    ,  0.0000    ,  0.0000    ,  0.0000    ,  0.0000    ,  0.0000    ,  0.0000    ,  0.0000    ,  0.0000    ,  0.0000    ,  0.0000    ,  0.0000    ,  0.0000    ,  0.0000    ,  0.0000    ,  0.0000    ,  0.0000    ,  0.0000    ,  0.0000    ,  0.0000    ,  0.0000    ,  0.0000    ,  0.0000    ,  0.0000    ,  0.0000    ,  0.0000    ,  0.0000      
   9,   1,   3,  0.0000    ,  0.0000    ,  0.0000    ,  0.0000    ,  0.0000    ,  0.0000    ,  0.0000    ,  0.0000    ,  0.0000    ,  0.0000    ,  0.0000    ,  0.0000    ,  0.0000    ,  0.0000    ,  0.0000    ,  0.0000    ,  0.0000    ,  0.0000    ,  0.0000    ,  0.0000    ,  0.0000    ,  0.0000    ,  0.0000    ,  0.0000    ,  0.0000    ,  0.0000    ,  0.0000    ,  0.0000    ,  0.0000    ,  0.0000    ,  0.0000    ,  0.0000    ,  0.0000    ,  0.0000    ,  0.0000    ,  0.0000    ,  0.0000    ,  0.0000    ,  0.0000    ,  0.0000    ,  0.0000    ,  0.0000    ,  0.0000    ,  0.0000    ,  0.0000    ,  0.0000    ,  0.0000    ,  0.0000    ,  0.0000    ,  0.0000    ,  0.0000    ,  0.0000    ,  0.0000    ,  0.0000    ,  0.0000    ,  0.0000    ,  0.0000    ,  0.0000    ,  0.0000    ,  0.0000    ,  0.0000    ,  0.0000    ,  0.0000    ,  0.0000    ,  0.0000    ,  0.0000    ,  0.0000    ,  0.0000    ,  0.0000    ,  0.0000    ,  0.0000    ,  0.0000    ,  0.0000    ,  0.0000    ,  0.0000    ,  0.0000    ,  0.0000    ,  0.0000    ,  0.0000    ,  0.0000    ,  0.0000    ,  0.0000    ,  0.0000    ,  0.0000    ,  0.0000    ,  0.0000    ,  0.0000    ,  0.0000    ,  0.0000    ,  0.0000    ,  0.0000    ,  0.0000    ,  0.0000    ,  0.0000    ,  0.0000    ,  0.0000    ,  0.0000    ,  0.0000    ,  0.0000    ,  0.0000    ,  0.0000    ,  0.0000    ,  0.0000    ,  0.0000    ,  0.0000    ,  0.0000    ,  0.0000    ,  0.0000    ,  0.0000    ,  0.0000    ,  0.0000    ,  0.0000    ,  0.0000    ,  0.0000    ,  0.0000    ,  0.0000    ,  0.0000    ,  0.0000    ,  0.0000    ,  0.0000    ,  0.0000    ,  0.0000    ,  0.0000    ,  0.0000    ,  0.0000    ,  0.0000    ,  0.0000    ,  0.0000    ,  0.0000    ,  0.0000    ,  0.0000    ,  0.0000    ,  0.0000    ,  0.0000      
  10,   1,   1,  0.0000    ,  0.0000    ,  0.0000    ,  0.0000    ,  0.0000    ,  0.0000    ,  0.0000    ,  0.0000    ,  0.0000    ,  0.0000    ,  0.0000    ,  0.0000    ,  0.0000    ,  0.0000    ,  0.0000    ,  0.0000    ,  0.0000    ,  0.0000    ,  0.0000    ,  0.0000    ,  0.0000    ,  0.0000    ,  0.0000    ,  0.0000    ,  0.0000    ,  0.0000    ,  0.0000    ,  0.0000    ,  0.0000    ,  0.0000    ,  0.0000    ,  0.0000    ,  0.0000    ,  0.0000    ,  0.0000    ,  0.0000    ,  0.0000    ,  0.0000    ,  0.0000    ,  0.0000    ,  0.0000    ,  0.0000    ,  0.0000    ,  0.0000    ,  0.0000    ,  0.0000    ,  0.0000    ,  0.0000    ,  0.0000    ,  0.0000    ,  0.0000    ,  0.0000    ,  0.0000    ,  0.0000    ,  0.0000    ,  0.0000    ,  0.0000    ,  0.0000    ,  0.0000    ,  0.0000    ,  0.0000    ,  0.0000    ,  0.0000    ,  0.0000    ,  0.0000    ,  0.0000    ,  0.0000    ,  0.0000    ,  0.0000    ,  0.0000    ,  0.0000    ,  0.0000    ,  0.0000    ,  0.0000    ,  0.0000    ,  0.0000    ,  0.0000    ,  0.0000    ,  0.0000    ,  0.0000    ,  0.0000    ,  0.0000    ,  0.0000    ,  0.0000    ,  0.0000    ,  0.0000    ,  0.0000    ,  0.0000    ,  0.0000    ,  0.0000    ,  0.0000    ,  0.0000    ,  0.0000    ,  0.0000    ,  0.0000    ,  0.0000    ,  0.0000    ,  0.0000    ,  0.0000    ,  0.0000    ,  0.0000    ,  0.0000    ,  0.0000    ,  0.0000    ,  0.0000    ,  0.0000    ,  0.0000    ,  0.0000    ,  0.0000    ,  0.0000    ,  0.0000    ,  0.0000    ,  0.0000    ,  0.0000    ,  0.0000    ,  0.0000    ,  0.0000    ,  0.0000    ,  0.0000    ,  0.0000    ,  0.0000    ,  0.0000    ,  0.0000    ,  0.0000    ,  0.0000    ,  0.0000    ,  0.0000    ,  0.0000    ,  0.0000    ,  0.0000    ,  0.0000    ,  0.0000    ,  0.0000    ,  0.0000      
  10,   1,   2,  0.0000    ,  0.0000    ,  0.0000    ,  0.0000    ,  0.0000    ,  0.0000    ,  0.0000    ,  0.0000    ,  0.0000    ,  0.0000    ,  0.0000    ,  0.0000    ,  0.0000    ,  0.0000    ,  0.0000    ,  0.0000    ,  0.0000    ,  0.0000    ,  0.0000    ,  0.0000    ,  0.0000    ,  0.0000    ,  0.0000    ,  0.0000    ,  0.0000    ,  0.0000    ,  0.0000    ,  0.0000    ,  0.0000    ,  0.0000    ,  0.0000    ,  0.0000    ,  0.0000    ,  0.0000    ,  0.0000    ,  0.0000    ,  0.0000    ,  0.0000    ,  0.0000    ,  0.0000    ,  0.0000    ,  0.0000    ,  0.0000    ,  0.0000    ,  0.0000    ,  0.0000    ,  0.0000    ,  0.0000    ,  0.0000    ,  0.0000    ,  0.0000    ,  0.0000    ,  0.0000    ,  0.0000    ,  0.0000    ,  0.0000    ,  0.0000    ,  0.0000    ,  0.0000    ,  0.0000    ,  0.0000    ,  0.0000    ,  0.0000    ,  0.0000    ,  0.0000    ,  0.0000    ,  0.0000    ,  0.0000    ,  0.0000    ,  0.0000    ,  0.0000    ,  0.0000    ,  0.0000    ,  0.0000    ,  0.0000    ,  0.0000    ,  0.0000    ,  0.0000    ,  0.0000    ,  0.0000    ,  0.0000    ,  0.0000    ,  0.0000    ,  0.0000    ,  0.0000    ,  0.0000    ,  0.0000    ,  0.0000    ,  0.0000    ,  0.0000    ,  0.0000    ,  0.0000    ,  0.0000    ,  0.0000    ,  0.0000    ,  0.0000    ,  0.0000    ,  0.0000    ,  0.0000    ,  0.0000    ,  0.0000    ,  0.0000    ,  0.0000    ,  0.0000    ,  0.0000    ,  0.0000    ,  0.0000    ,  0.0000    ,  0.0000    ,  0.0000    ,  0.0000    ,  0.0000    ,  0.0000    ,  0.0000    ,  0.0000    ,  0.0000    ,  0.0000    ,  0.0000    ,  0.0000    ,  0.0000    ,  0.0000    ,  0.0000    ,  0.0000    ,  0.0000    ,  0.0000    ,  0.0000    ,  0.0000    ,  0.0000    ,  0.0000    ,  0.0000    ,  0.0000    ,  0.0000    ,  0.0000    ,  0.0000      
  10,   1,   3,  0.0000    ,  0.0000    ,  0.0000    ,  0.0000    ,  0.0000    ,  0.0000    ,  0.0000    ,  0.0000    ,  0.0000    ,  0.0000    ,  0.0000    ,  0.0000    ,  0.0000    ,  0.0000    ,  0.0000    ,  0.0000    ,  0.0000    ,  0.0000    ,  0.0000    ,  0.0000    ,  0.0000    ,  0.0000    ,  0.0000    ,  0.0000    ,  0.0000    ,  0.0000    ,  0.0000    ,  0.0000    ,  0.0000    ,  0.0000    ,  0.0000    ,  0.0000    ,  0.0000    ,  0.0000    ,  0.0000    ,  0.0000    ,  0.0000    ,  0.0000    ,  0.0000    ,  0.0000    ,  0.0000    ,  0.0000    ,  0.0000    ,  0.0000    ,  0.0000    ,  0.0000    ,  0.0000    ,  0.0000    ,  0.0000    ,  0.0000    ,  0.0000    ,  0.0000    ,  0.0000    ,  0.0000    ,  0.0000    ,  0.0000    ,  0.0000    ,  0.0000    ,  0.0000    ,  0.0000    ,  0.0000    ,  0.0000    ,  0.0000    ,  0.0000    ,  0.0000    ,  0.0000    ,  0.0000    ,  0.0000    ,  0.0000    ,  0.0000    ,  0.0000    ,  0.0000    ,  0.0000    ,  0.0000    ,  0.0000    ,  0.0000    ,  0.0000    ,  0.0000    ,  0.0000    ,  0.0000    ,  0.0000    ,  0.0000    ,  0.0000    ,  0.0000    ,  0.0000    ,  0.0000    ,  0.0000    ,  0.0000    ,  0.0000    ,  0.0000    ,  0.0000    ,  0.0000    ,  0.0000    ,  0.0000    ,  0.0000    ,  0.0000    ,  0.0000    ,  0.0000    ,  0.0000    ,  0.0000    ,  0.0000    ,  0.0000    ,  0.0000    ,  0.0000    ,  0.0000    ,  0.0000    ,  0.0000    ,  0.0000    ,  0.0000    ,  0.0000    ,  0.0000    ,  0.0000    ,  0.0000    ,  0.0000    ,  0.0000    ,  0.0000    ,  0.0000    ,  0.0000    ,  0.0000    ,  0.0000    ,  0.0000    ,  0.0000    ,  0.0000    ,  0.0000    ,  0.0000    ,  0.0000    ,  0.0000    ,  0.0000    ,  0.0000    ,  0.0000    ,  0.0000    ,  0.0000    ,  0.0000    ,  0.0000      
  11,   1,   1,  0.0000    ,  0.0000    ,  0.0000    ,  0.0000    ,  0.0000    ,  0.0000    ,  0.0000    ,  0.0000    ,  0.0000    ,  0.0000    ,  0.0000    ,  0.0000    ,  0.0000    ,  0.0000    ,  0.0000    ,  0.0000    ,  0.0000    ,  0.0000    ,  0.0000    ,  0.0000    ,  0.0000    ,  0.0000    ,  0.0000    ,  0.0000    ,  0.0000    ,  0.0000    ,  0.0000    ,  0.0000    ,  0.0000    ,  0.0000    ,  0.0000    ,  0.0000    ,  0.0000    ,  0.0000    ,  0.0000    ,  0.0000    ,  0.0000    ,  0.0000    ,  0.0000    ,  0.0000    ,  0.0000    ,  0.0000    ,  0.0000    ,  0.0000    ,  0.0000    ,  0.0000    ,  0.0000    ,  0.0000    ,  0.0000    ,  0.0000    ,  0.0000    ,  0.0000    ,  0.0000    ,  0.0000    ,  0.0000    ,  0.0000    ,  0.0000    ,  0.0000    ,  0.0000    ,  0.0000    ,  0.0000    ,  0.0000    ,  0.0000    ,  0.0000    ,  0.0000    ,  0.0000    ,  0.0000    ,  0.0000    ,  0.0000    ,  0.0000    ,  0.0000    ,  0.0000    ,  0.0000    ,  0.0000    ,  0.0000    ,  0.0000    ,  0.0000    ,  0.0000    ,  0.0000    ,  0.0000    ,  0.0000    ,  0.0000    ,  0.0000    ,  0.0000    ,  0.0000    ,  0.0000    ,  0.0000    ,  0.0000    ,  0.0000    ,  0.0000    ,  0.0000    ,  0.0000    ,  0.0000    ,  0.0000    ,  0.0000    ,  0.0000    ,  0.0000    ,  0.0000    ,  0.0000    ,  0.0000    ,  0.0000    ,  0.0000    ,  0.0000    ,  0.0000    ,  0.0000    ,  0.0000    ,  0.0000    ,  0.0000    ,  0.0000    ,  0.0000    ,  0.0000    ,  0.0000    ,  0.0000    ,  0.0000    ,  0.0000    ,  0.0000    ,  0.0000    ,  0.0000    ,  0.0000    ,  0.0000    ,  0.0000    ,  0.0000    ,  0.0000    ,  0.0000    ,  0.0000    ,  0.0000    ,  0.0000    ,  0.0000    ,  0.0000    ,  0.0000    ,  0.0000    ,  0.0000    ,  0.0000    ,  0.0000      
  11,   1,   2,  0.0000    ,  0.0000    ,  0.0000    ,  0.0000    ,  0.0000    ,  0.0000    ,  0.0000    ,  0.0000    ,  0.0000    ,  0.0000    ,  0.0000    ,  0.0000    ,  0.0000    ,  0.0000    ,  0.0000    ,  0.0000    ,  0.0000    ,  0.0000    ,  0.0000    ,  0.0000    ,  0.0000    ,  0.0000    ,  0.0000    ,  0.0000    ,  0.0000    ,  0.0000    ,  0.0000    ,  0.0000    ,  0.0000    ,  0.0000    ,  0.0000    ,  0.0000    ,  0.0000    ,  0.0000    ,  0.0000    ,  0.0000    ,  0.0000    ,  0.0000    ,  0.0000    ,  0.0000    ,  0.0000    ,  0.0000    ,  0.0000    ,  0.0000    ,  0.0000    ,  0.0000    ,  0.0000    ,  0.0000    ,  0.0000    ,  0.0000    ,  0.0000    ,  0.0000    ,  0.0000    ,  0.0000    ,  0.0000    ,  0.0000    ,  0.0000    ,  0.0000    ,  0.0000    ,  0.0000    ,  0.0000    ,  0.0000    ,  0.0000    ,  0.0000    ,  0.0000    ,  0.0000    ,  0.0000    ,  0.0000    ,  0.0000    ,  0.0000    ,  0.0000    ,  0.0000    ,  0.0000    ,  0.0000    ,  0.0000    ,  0.0000    ,  0.0000    ,  0.0000    ,  0.0000    ,  0.0000    ,  0.0000    ,  0.0000    ,  0.0000    ,  0.0000    ,  0.0000    ,  0.0000    ,  0.0000    ,  0.0000    ,  0.0000    ,  0.0000    ,  0.0000    ,  0.0000    ,  0.0000    ,  0.0000    ,  0.0000    ,  0.0000    ,  0.0000    ,  0.0000    ,  0.0000    ,  0.0000    ,  0.0000    ,  0.0000    ,  0.0000    ,  0.0000    ,  0.0000    ,  0.0000    ,  0.0000    ,  0.0000    ,  0.0000    ,  0.0000    ,  0.0000    ,  0.0000    ,  0.0000    ,  0.0000    ,  0.0000    ,  0.0000    ,  0.0000    ,  0.0000    ,  0.0000    ,  0.0000    ,  0.0000    ,  0.0000    ,  0.0000    ,  0.0000    ,  0.0000    ,  0.0000    ,  0.0000    ,  0.0000    ,  0.0000    ,  0.0000    ,  0.0000    ,  0.0000    ,  0.0000    ,  0.0000      
  11,   1,   3,  0.0000    ,  0.0000    ,  0.0000    ,  0.0000    ,  0.0000    ,  0.0000    ,  0.0000    ,  0.0000    ,  0.0000    ,  0.0000    ,  0.0000    ,  0.0000    ,  0.0000    ,  0.0000    ,  0.0000    ,  0.0000    ,  0.0000    ,  0.0000    ,  0.0000    ,  0.0000    ,  0.0000    ,  0.0000    ,  0.0000    ,  0.0000    ,  0.0000    ,  0.0000    ,  0.0000    ,  0.0000    ,  0.0000    ,  0.0000    ,  0.0000    ,  0.0000    ,  0.0000    ,  0.0000    ,  0.0000    ,  0.0000    ,  0.0000    ,  0.0000    ,  0.0000    ,  0.0000    ,  0.0000    ,  0.0000    ,  0.0000    ,  0.0000    ,  0.0000    ,  0.0000    ,  0.0000    ,  0.0000    ,  0.0000    ,  0.0000    ,  0.0000    ,  0.0000    ,  0.0000    ,  0.0000    ,  0.0000    ,  0.0000    ,  0.0000    ,  0.0000    ,  0.0000    ,  0.0000    ,  0.0000    ,  0.0000    ,  0.0000    ,  0.0000    ,  0.0000    ,  0.0000    ,  0.0000    ,  0.0000    ,  0.0000    ,  0.0000    ,  0.0000    ,  0.0000    ,  0.0000    ,  0.0000    ,  0.0000    ,  0.0000    ,  0.0000    ,  0.0000    ,  0.0000    ,  0.0000    ,  0.0000    ,  0.0000    ,  0.0000    ,  0.0000    ,  0.0000    ,  0.0000    ,  0.0000    ,  0.0000    ,  0.0000    ,  0.0000    ,  0.0000    ,  0.0000    ,  0.0000    ,  0.0000    ,  0.0000    ,  0.0000    ,  0.0000    ,  0.0000    ,  0.0000    ,  0.0000    ,  0.0000    ,  0.0000    ,  0.0000    ,  0.0000    ,  0.0000    ,  0.0000    ,  0.0000    ,  0.0000    ,  0.0000    ,  0.0000    ,  0.0000    ,  0.0000    ,  0.0000    ,  0.0000    ,  0.0000    ,  0.0000    ,  0.0000    ,  0.0000    ,  0.0000    ,  0.0000    ,  0.0000    ,  0.0000    ,  0.0000    ,  0.0000    ,  0.0000    ,  0.0000    ,  0.0000    ,  0.0000    ,  0.0000    ,  0.0000    ,  0.0000    ,  0.0000    ,  0.0000    ,  0.0000      
  12,   1,   1,  0.0000    ,  0.0000    ,  0.0000    ,  0.0000    ,  0.0000    ,  0.0000    ,  0.0000    ,  0.0000    ,  0.0000    ,  0.0000    ,  0.0000    ,  0.0000    ,  0.0000    ,  0.0000    ,  0.0000    ,  0.0000    ,  0.0000    ,  0.0000    ,  0.0000    ,  0.0000    ,  0.0000    ,  0.0000    ,  0.0000    ,  0.0000    ,  0.0000    ,  0.0000    ,  0.0000    ,  0.0000    ,  0.0000    ,  0.0000    ,  0.0000    ,  0.0000    ,  0.0000    ,  0.0000    ,  0.0000    ,  0.0000    ,  0.0000    ,  0.0000    ,  0.0000    ,  0.0000    ,  0.0000    ,  0.0000    ,  0.0000    ,  0.0000    ,  0.0000    ,  0.0000    ,  0.0000    ,  0.0000    ,  0.0000    ,  0.0000    ,  0.0000    ,  0.0000    ,  0.0000    ,  0.0000    ,  0.0000    ,  0.0000    ,  0.0000    ,  0.0000    ,  0.0000    ,  0.0000    ,  0.0000    ,  0.0000    ,  0.0000    ,  0.0000    ,  0.0000    ,  0.0000    ,  0.0000    ,  0.0000    ,  0.0000    ,  0.0000    ,  0.0000    ,  0.0000    ,  0.0000    ,  0.0000    ,  0.0000    ,  0.0000    ,  0.0000    ,  0.0000    ,  0.0000    ,  0.0000    ,  0.0000    ,  0.0000    ,  0.0000    ,  0.0000    ,  0.0000    ,  0.0000    ,  0.0000    ,  0.0000    ,  0.0000    ,  0.0000    ,  0.0000    ,  0.0000    ,  0.0000    ,  0.0000    ,  0.0000    ,  0.0000    ,  0.0000    ,  0.0000    ,  0.0000    ,  0.0000    ,  0.0000    ,  0.0000    ,  0.0000    ,  0.0000    ,  0.0000    ,  0.0000    ,  0.0000    ,  0.0000    ,  0.0000    ,  0.0000    ,  0.0000    ,  0.0000    ,  0.0000    ,  0.0000    ,  0.0000    ,  0.0000    ,  0.0000    ,  0.0000    ,  0.0000    ,  0.0000    ,  0.0000    ,  0.0000    ,  0.0000    ,  0.0000    ,  0.0000    ,  0.0000    ,  0.0000    ,  0.0000    ,  0.0000    ,  0.0000    ,  0.0000    ,  0.0000    ,  0.0000    ,  0.0000      
  12,   1,   2,  0.0000    ,  0.0000    ,  0.0000    ,  0.0000    ,  0.0000    ,  0.0000    ,  0.0000    ,  0.0000    ,  0.0000    ,  0.0000    ,  0.0000    ,  0.0000    ,  0.0000    ,  0.0000    ,  0.0000    ,  0.0000    ,  0.0000    ,  0.0000    ,  0.0000    ,  0.0000    ,  0.0000    ,  0.0000    ,  0.0000    ,  0.0000    ,  0.0000    ,  0.0000    ,  0.0000    ,  0.0000    ,  0.0000    ,  0.0000    ,  0.0000    ,  0.0000    ,  0.0000    ,  0.0000    ,  0.0000    ,  0.0000    ,  0.0000    ,  0.0000    ,  0.0000    ,  0.0000    ,  0.0000    ,  0.0000    ,  0.0000    ,  0.0000    ,  0.0000    ,  0.0000    ,  0.0000    ,  0.0000    ,  0.0000    ,  0.0000    ,  0.0000    ,  0.0000    ,  0.0000    ,  0.0000    ,  0.0000    ,  0.0000    ,  0.0000    ,  0.0000    ,  0.0000    ,  0.0000    ,  0.0000    ,  0.0000    ,  0.0000    ,  0.0000    ,  0.0000    ,  0.0000    ,  0.0000    ,  0.0000    ,  0.0000    ,  0.0000    ,  0.0000    ,  0.0000    ,  0.0000    ,  0.0000    ,  0.0000    ,  0.0000    ,  0.0000    ,  0.0000    ,  0.0000    ,  0.0000    ,  0.0000    ,  0.0000    ,  0.0000    ,  0.0000    ,  0.0000    ,  0.0000    ,  0.0000    ,  0.0000    ,  0.0000    ,  0.0000    ,  0.0000    ,  0.0000    ,  0.0000    ,  0.0000    ,  0.0000    ,  0.0000    ,  0.0000    ,  0.0000    ,  0.0000    ,  0.0000    ,  0.0000    ,  0.0000    ,  0.0000    ,  0.0000    ,  0.0000    ,  0.0000    ,  0.0000    ,  0.0000    ,  0.0000    ,  0.0000    ,  0.0000    ,  0.0000    ,  0.0000    ,  0.0000    ,  0.0000    ,  0.0000    ,  0.0000    ,  0.0000    ,  0.0000    ,  0.0000    ,  0.0000    ,  0.0000    ,  0.0000    ,  0.0000    ,  0.0000    ,  0.0000    ,  0.0000    ,  0.0000    ,  0.0000    ,  0.0000    ,  0.0000    ,  0.0000    ,  0.0000    ,  0.0000      
  12,   1,   3,  0.0000    ,  0.0000    ,  0.0000    ,  0.0000    ,  0.0000    ,  0.0000    ,  0.0000    ,  0.0000    ,  0.0000    ,  0.0000    ,  0.0000    ,  0.0000    ,  0.0000    ,  0.0000    ,  0.0000    ,  0.0000    ,  0.0000    ,  0.0000    ,  0.0000    ,  0.0000    ,  0.0000    ,  0.0000    ,  0.0000    ,  0.0000    ,  0.0000    ,  0.0000    ,  0.0000    ,  0.0000    ,  0.0000    ,  0.0000    ,  0.0000    ,  0.0000    ,  0.0000    ,  0.0000    ,  0.0000    ,  0.0000    ,  0.0000    ,  0.0000    ,  0.0000    ,  0.0000    ,  0.0000    ,  0.0000    ,  0.0000    ,  0.0000    ,  0.0000    ,  0.0000    ,  0.0000    ,  0.0000    ,  0.0000    ,  0.0000    ,  0.0000    ,  0.0000    ,  0.0000    ,  0.0000    ,  0.0000    ,  0.0000    ,  0.0000    ,  0.0000    ,  0.0000    ,  0.0000    ,  0.0000    ,  0.0000    ,  0.0000    ,  0.0000    ,  0.0000    ,  0.0000    ,  0.0000    ,  0.0000    ,  0.0000    ,  0.0000    ,  0.0000    ,  0.0000    ,  0.0000    ,  0.0000    ,  0.0000    ,  0.0000    ,  0.0000    ,  0.0000    ,  0.0000    ,  0.0000    ,  0.0000    ,  0.0000    ,  0.0000    ,  0.0000    ,  0.0000    ,  0.0000    ,  0.0000    ,  0.0000    ,  0.0000    ,  0.0000    ,  0.0000    ,  0.0000    ,  0.0000    ,  0.0000    ,  0.0000    ,  0.0000    ,  0.0000    ,  0.0000    ,  0.0000    ,  0.0000    ,  0.0000    ,  0.0000    ,  0.0000    ,  0.0000    ,  0.0000    ,  0.0000    ,  0.0000    ,  0.0000    ,  0.0000    ,  0.0000    ,  0.0000    ,  0.0000    ,  0.0000    ,  0.0000    ,  0.0000    ,  0.0000    ,  0.0000    ,  0.0000    ,  0.0000    ,  0.0000    ,  0.0000    ,  0.0000    ,  0.0000    ,  0.0000    ,  0.0000    ,  0.0000    ,  0.0000    ,  0.0000    ,  0.0000    ,  0.0000    ,  0.0000    ,  0.0000    ,  0.0000    ,  0.0000      
