Varies per block?       ,    1,Unit    ,kUE    ,     2,     1,  2027
Varies per sequence?    ,    1
# of agents             ,   26
Stag,Seq.,Blck,Biometano  cluster interior SP (Paulinia),Rota 1  pre-sal Santos (UTGCA),Biometano  cluster Japeri (RJ),Rota 3  pre-sal (Boaventura),Rota 2  pre-sal (Cabiunas),BM-C-33 / Raia (Cabiunas),Producao capixaba (Cacimbas),Producao Bolivia (Rio Grande),Exportacao Argentina p/ Bolivia (Campo Duran),GNL firme DES  B. Guanabara,GNL firme DES  Acu,GNL firme DES  Santos,GNL spot  mercado internacional,Producao Bahia (Manati + Reconcavo),Producao onshore SE/AL (Carmopolis),SEAP  Sergipe Aguas Profundas,Producao RN (Guamare),GNL firme DES  Bahia,GNL firme DES  Pecem,GNL firme DES  Sergipe,GNL firme DES  Suape,Producao Urucu,Producao Parnaiba,GNL firme DES  Barcarena,Exportacao Argentina p/ TSB (Paso de los Libres),GNL firme DES  Babitonga (TGS)
   1,   1,   1,  0.0000    , 0.36571    ,  0.0000    ,  5.4771    ,  10.898    ,  0.0000    ,  0.0000    , 0.40225    ,  0.0000    ,  0.0000    ,  42.957    ,  0.0000    ,  0.0000    ,  0.0000    ,  0.0000    ,  0.0000    ,  0.0000    ,  0.0000    ,  0.0000    ,  0.0000    ,  0.0000    ,  21.796    ,  35.816    ,  0.0000    ,  0.0000    ,  0.0000      
   1,   1,   2,  0.0000    , 0.54233    ,  0.0000    ,  10.525    ,  26.563    ,  0.0000    ,  0.0000    , 0.59653    ,  0.0000    ,  0.0000    ,  65.250    ,  0.0000    ,  44.285    ,  0.0000    ,  0.0000    ,  0.0000    ,  0.0000    ,  0.0000    ,  0.0000    ,  0.0000    ,  0.0000    ,  55.275    ,  81.612    ,  0.0000    ,  0.0000    ,  0.0000      
   1,   1,   3,  0.0000    , 0.63791    ,  0.0000    ,  36.453    ,  43.736    ,  0.0000    ,  0.0000    , 0.70165    ,  0.0000    ,  0.0000    ,  76.750    ,  0.0000    ,  48.856    ,  0.0000    ,  0.0000    ,  0.0000    ,  0.0000    ,  0.0000    ,  0.0000    ,  0.0000    ,  0.0000    ,  63.398    ,  93.390    ,  0.0000    ,  0.0000    ,  0.0000      
   2,   1,   1,  0.0000    , 0.34615    ,  0.0000    ,  8.8328    ,  12.089    ,  0.0000    ,  0.0000    , 0.38463    ,  0.0000    ,  0.0000    ,  38.000    ,  0.0000    ,  14.324    ,  0.0000    ,  0.0000    ,  0.0000    ,  0.0000    ,  0.0000    ,  0.0000    ,  0.0000    ,  0.0000    ,  26.530    ,  42.315    ,  9.8208    ,  0.0000    ,  0.0000      
   2,   1,   2,  0.0000    , 0.53288    ,  0.0000    ,  15.064    ,  22.721    ,  0.0000    ,  0.0000    , 0.59211    ,  0.0000    ,  0.0000    ,  58.500    ,  0.0000    ,  42.441    ,  0.0000    ,  0.0000    ,  0.0000    ,  0.0000    ,  0.0000    ,  0.0000    ,  0.0000    ,  0.0000    ,  51.017    ,  80.660    ,  18.940    ,  0.0000    ,  0.0000      
   2,   1,   3,  0.0000    , 0.65130    ,  0.0000    ,  39.890    ,  40.797    ,  0.0000    ,  0.0000    , 0.72369    ,  0.0000    ,  0.0000    ,  71.500    ,  0.0000    ,  44.386    ,  0.0000    ,  0.0000    ,  0.0000    ,  0.0000    ,  0.0000    ,  0.0000    ,  0.0000    ,  0.0000    ,  58.659    ,  92.551    ,  21.746    ,  0.0000    ,  0.0000      
   3,   1,   1,  0.0000    , 0.38620    ,  0.0000    ,  10.191    ,  10.685    ,  0.0000    ,  0.0000    , 0.42478    ,  0.0000    ,  0.0000    ,  46.000    ,  0.0000    ,  6.4789    ,  0.0000    ,  0.0000    ,  0.0000    ,  0.0000    ,  0.0000    ,  0.0000    ,  0.0000    ,  0.0000    ,  22.740    ,  31.443    ,  13.728    ,  0.0000    ,  0.0000      
   3,   1,   2,  0.0000    , 0.55200    ,  0.0000    ,  18.154    ,  19.815    ,  0.0000    ,  0.0000    , 0.60716    ,  0.0000    ,  0.0000    ,  65.750    ,  0.0000    ,  34.255    ,  0.0000    ,  0.0000    ,  0.0000    ,  0.0000    ,  0.0000    ,  0.0000    ,  0.0000    ,  0.0000    ,  42.972    ,  59.154    ,  26.148    ,  0.0000    ,  0.0000      
   3,   1,   3,  0.0000    , 0.62336    ,  0.0000    ,  43.403    ,  37.282    ,  0.0000    ,  0.0000    , 0.68565    ,  0.0000    ,  0.0000    ,  74.250    ,  0.0000    ,  38.970    ,  0.0000    ,  0.0000    ,  0.0000    ,  0.0000    ,  0.0000    ,  0.0000    ,  0.0000    ,  0.0000    ,  48.649    ,  66.706    ,  29.603    ,  0.0000    ,  0.0000      
   4,   1,   1,  0.0000    , 0.27327    ,  0.0000    ,  9.8170    ,  28.720    ,  0.0000    ,  0.0000    , 0.30059    ,  0.0000    ,  0.0000    ,  31.500    ,  0.0000    ,  14.442    ,  0.0000    ,  0.0000    ,  0.0000    ,  0.0000    ,  0.0000    ,  0.0000    ,  0.0000    ,  0.0000    ,  23.600    ,  35.494    ,  14.942    ,  0.0000    ,  0.0000      
   4,   1,   2,  0.0000    , 0.57257    ,  0.0000    ,  16.062    ,  21.956    ,  0.0000    ,  0.0000    , 0.62979    ,  0.0000    ,  0.0000    ,  66.000    ,  0.0000    ,  5.7503    ,  0.0000    ,  0.0000    ,  0.0000    ,  0.0000    ,  0.0000    ,  0.0000    ,  0.0000    ,  0.0000    ,  36.920    ,  54.783    ,  23.346    ,  0.0000    ,  0.0000      
   4,   1,   3,  0.0000    , 0.71572    ,  0.0000    ,  43.249    ,  27.239    ,  0.0000    ,  0.0000    , 0.78724    ,  0.0000    ,  0.0000    ,  82.500    ,  0.0000    ,  6.4694    ,  0.0000    ,  0.0000    ,  0.0000    ,  0.0000    ,  0.0000    ,  0.0000    ,  0.0000    ,  0.0000    ,  45.784    ,  68.146    ,  28.949    ,  0.0000    ,  0.0000      
   5,   1,   1,  0.0000    , 0.23550    ,  0.0000    ,  8.9515    ,  15.048    ,  0.0000    ,  0.0000    , 0.25650    ,  0.0000    ,  0.0000    , 0.67438    ,  0.0000    ,  1.1945    ,  0.0000    ,  0.0000    ,  0.0000    ,  0.0000    ,  0.0000    ,  0.0000    ,  0.0000    ,  0.0000    ,  23.296    ,  28.001    ,  13.750    ,  0.0000    ,  0.0000      
   5,   1,   2,  0.0000    , 0.61442    ,  0.0000    ,  15.704    ,  22.042    ,  0.0000    ,  0.0000    , 0.66924    ,  0.0000    ,  0.0000    ,  1.0760    ,  0.0000    ,  0.0000    ,  0.0000    ,  0.0000    ,  0.0000    ,  0.0000    ,  0.0000    ,  0.0000    ,  0.0000    ,  0.0000    ,  37.503    ,  44.999    ,  24.000    ,  0.0000    ,  0.0000      
   5,   1,   3,  0.0000    , 0.74287    ,  0.0000    ,  43.848    ,  40.414    ,  0.0000    ,  0.0000    , 0.80915    ,  0.0000    ,  0.0000    ,  1.3691    ,  0.0000    ,  0.0000    ,  0.0000    ,  0.0000    ,  0.0000    ,  0.0000    ,  0.0000    ,  0.0000    ,  0.0000    ,  0.0000    ,  47.711    ,  57.371    ,  30.537    ,  0.0000    ,  0.0000      
   6,   1,   1,  0.0000    , 0.23456    ,  0.0000    ,  25.070    ,  15.557    ,  0.0000    ,  0.0000    , 0.25552    ,  0.0000    ,  0.0000    ,  2.3737    ,  0.0000    ,  0.0000    ,  0.0000    ,  0.0000    ,  0.0000    ,  0.0000    ,  0.0000    ,  0.0000    ,  0.0000    ,  0.0000    ,  22.847    ,  34.459    , 0.20062    , 0.49009E-01,  0.0000      
   6,   1,   2,  0.0000    , 0.61656    ,  0.0000    ,  14.019    ,  38.920    ,  0.0000    ,  0.0000    , 0.67163    ,  0.0000    ,  0.0000    ,  3.2181    ,  0.0000    ,  0.0000    ,  0.0000    ,  0.0000    ,  0.0000    ,  0.0000    ,  0.0000    ,  0.0000    ,  0.0000    ,  0.0000    ,  33.948    ,  51.049    , 0.31983    , 0.72673E-01,  0.0000      
   6,   1,   3,  0.0000    , 0.75730    ,  0.0000    ,  25.935    ,  27.484    ,  0.0000    ,  0.0000    , 0.82495    ,  0.0000    ,  0.0000    ,  3.7335    ,  0.0000    ,  0.0000    ,  0.0000    ,  0.0000    ,  0.0000    ,  0.0000    ,  0.0000    ,  0.0000    ,  0.0000    ,  0.0000    ,  39.951    ,  60.044    , 0.37620    , 0.51121E-01,  0.0000      
   7,   1,   1,  0.0000    , 0.22920    ,  0.0000    ,  7.6362    ,  13.405    ,  0.0000    ,  0.0000    , 0.24967    ,  0.0000    ,  0.0000    ,  2.6236    ,  0.0000    ,  0.0000    ,  0.0000    ,  0.0000    ,  0.0000    ,  0.0000    ,  0.0000    ,  0.0000    ,  0.0000    ,  0.0000    ,  20.104    ,  26.443    , 0.40978    , 0.42322E-01,  0.0000      
   7,   1,   2,  0.0000    , 0.61337    ,  0.0000    ,  12.952    ,  20.734    ,  0.0000    ,  0.0000    , 0.66816    ,  0.0000    ,  0.0000    ,  4.1941    ,  0.0000    ,  0.0000    ,  0.0000    ,  0.0000    ,  0.0000    ,  0.0000    ,  0.0000    ,  0.0000    ,  0.0000    ,  0.0000    ,  30.615    ,  39.949    , 0.63084    , 0.65155E-01,  0.0000      
   7,   1,   3,  0.0000    , 0.78145    ,  0.0000    ,  42.636    ,  41.547    ,  0.0000    ,  0.0000    , 0.85125    ,  0.0000    ,  0.0000    ,  4.8114    ,  0.0000    ,  0.0000    ,  0.0000    ,  0.0000    ,  0.0000    ,  0.0000    ,  0.0000    ,  0.0000    ,  0.0000    ,  0.0000    ,  37.480    ,  48.762    , 0.77103    , 0.33564E-01,  0.0000      
   8,   1,   1,  0.0000    , 0.24861    ,  0.0000    ,  9.6362    ,  15.988    ,  0.0000    ,  0.0000    , 0.27081    ,  0.0000    ,  0.0000    ,  4.7158    ,  0.0000    ,  0.0000    ,  0.0000    ,  0.0000    ,  0.0000    ,  0.0000    ,  0.0000    ,  0.0000    ,  0.0000    ,  0.0000    ,  22.404    ,  32.829    , 0.85680    , 0.51231E-01,  0.0000      
   8,   1,   2,  0.0000    , 0.63342    ,  0.0000    ,  15.148    ,  40.676    ,  0.0000    ,  0.0000    , 0.69001    ,  0.0000    ,  0.0000    ,  6.1690    ,  0.0000    ,  0.0000    ,  0.0000    ,  0.0000    ,  0.0000    ,  0.0000    ,  0.0000    ,  0.0000    ,  0.0000    ,  0.0000    ,  31.791    ,  45.256    ,  1.1602    , 0.73233E-01,  0.0000      
   8,   1,   3,  0.0000    , 0.72638    ,  0.0000    ,  43.928    ,  26.003    ,  0.0000    ,  0.0000    , 0.79127    ,  0.0000    ,  0.0000    ,  6.9468    ,  0.0000    ,  0.0000    ,  0.0000    ,  0.0000    ,  0.0000    ,  0.0000    ,  0.0000    ,  0.0000    ,  0.0000    ,  0.0000    ,  35.911    ,  51.151    ,  1.3102    , 0.11632E-01,  0.0000      
   9,   1,   1,  0.0000    , 0.30971    ,  0.0000    ,  7.3843    ,  11.381    ,  0.0000    ,  0.0000    , 0.33735    ,  0.0000    ,  0.0000    ,  4.1800    ,  0.0000    ,  0.0000    ,  0.0000    ,  0.0000    ,  0.0000    ,  0.0000    ,  0.0000    ,  0.0000    ,  0.0000    ,  0.0000    ,  17.666    ,  21.841    , 0.63296    , 0.14752    ,  0.0000      
   9,   1,   2,  0.0000    , 0.59730    ,  0.0000    ,  14.971    ,  23.406    ,  0.0000    ,  0.0000    , 0.65059    ,  0.0000    ,  0.0000    ,  8.0876    ,  0.0000    ,  0.0000    ,  0.0000    ,  0.0000    ,  0.0000    ,  0.0000    ,  0.0000    ,  0.0000    ,  0.0000    ,  0.0000    ,  36.691    ,  44.924    ,  1.1115    , 0.16265    ,  0.0000      
   9,   1,   3,  0.0000    , 0.68579    ,  0.0000    ,  44.736    ,  47.795    ,  0.0000    ,  0.0000    , 0.74697    ,  0.0000    ,  0.0000    ,  10.175    ,  0.0000    ,  0.0000    ,  0.0000    ,  0.0000    ,  0.0000    ,  0.0000    ,  0.0000    ,  0.0000    ,  0.0000    ,  0.0000    ,  45.805    ,  55.758    ,  1.3749    ,  0.0000    ,  0.0000      
  10,   1,   1,  0.0000    , 0.30854    ,  0.0000    ,  3.9577    ,  3.3436    ,  0.0000    ,  0.0000    , 0.33937    ,  0.0000    ,  0.0000    ,  2.9953    ,  0.0000    ,  0.0000    ,  0.0000    ,  0.0000    ,  0.0000    ,  0.0000    ,  0.0000    ,  0.0000    ,  0.0000    ,  0.0000    ,  15.737    ,  18.293    , 0.57241    , 0.15003    ,  0.0000      
  10,   1,   2,  0.0000    , 0.58769    ,  0.0000    ,  8.8997    ,  8.2986    ,  0.0000    ,  0.0000    , 0.64641    ,  0.0000    ,  0.0000    ,  7.2237    ,  0.0000    ,  0.0000    ,  0.0000    ,  0.0000    ,  0.0000    ,  0.0000    ,  0.0000    ,  0.0000    ,  0.0000    ,  0.0000    ,  40.860    ,  46.606    ,  1.1254    , 0.28809    ,  0.0000      
  10,   1,   3,  0.0000    , 0.66535    ,  0.0000    ,  35.811    ,  28.685    ,  0.0000    ,  0.0000    , 0.73183    ,  0.0000    ,  0.0000    ,  8.7862    ,  0.0000    ,  0.0000    ,  0.0000    ,  0.0000    ,  0.0000    ,  0.0000    ,  0.0000    ,  0.0000    ,  0.0000    ,  0.0000    ,  49.226    ,  56.517    ,  1.2821    ,  0.0000    ,  0.0000      
  11,   1,   1,  0.0000    , 0.34354    ,  0.0000    ,  3.8330    ,  7.4833    ,  0.0000    ,  0.0000    , 0.37788    ,  0.0000    ,  0.0000    ,  1.9993    ,  0.0000    ,  0.0000    ,  0.0000    ,  0.0000    ,  0.0000    ,  0.0000    ,  0.0000    ,  0.0000    ,  0.0000    ,  0.0000    ,  17.856    ,  22.321    , 0.41950    ,  0.0000    ,  0.0000      
  11,   1,   2,  0.0000    , 0.53679    ,  0.0000    ,  7.8263    ,  19.040    ,  0.0000    ,  0.0000    , 0.59042    ,  0.0000    ,  0.0000    ,  4.7114    ,  0.0000    ,  0.0000    ,  0.0000    ,  0.0000    ,  0.0000    ,  0.0000    ,  0.0000    ,  0.0000    ,  0.0000    ,  0.0000    ,  46.604    ,  58.056    ,  1.0146    ,  0.0000    ,  0.0000      
  11,   1,   3,  0.0000    , 0.66562    ,  0.0000    ,  33.528    ,  40.911    ,  0.0000    ,  0.0000    , 0.73212    ,  0.0000    ,  0.0000    ,  5.8551    ,  0.0000    ,  0.0000    ,  0.0000    ,  0.0000    ,  0.0000    ,  0.0000    ,  0.0000    ,  0.0000    ,  0.0000    ,  0.0000    ,  57.229    ,  71.281    ,  1.2462    ,  0.0000    ,  0.0000      
  12,   1,   1,  0.0000    , 0.30224    ,  0.0000    ,  6.8863    ,  7.9360    ,  0.0000    ,  0.0000    , 0.34721    ,  0.0000    ,  0.0000    ,  39.774    ,  0.0000    ,  0.0000    ,  0.0000    ,  0.0000    ,  0.0000    ,  0.0000    ,  0.0000    ,  0.0000    ,  0.0000    ,  0.0000    ,  18.626    ,  23.018    ,  9.8250    , 0.58258E-02,  0.0000      
  12,   1,   2,  0.0000    , 0.48547    ,  0.0000    ,  16.352    ,  20.687    ,  0.0000    ,  0.0000    , 0.55771    ,  0.0000    ,  0.0000    ,  64.250    ,  0.0000    ,  41.901    ,  0.0000    ,  0.0000    ,  0.0000    ,  0.0000    ,  0.0000    ,  0.0000    ,  0.0000    ,  0.0000    ,  49.609    ,  60.705    ,  26.293    ,  0.0000    ,  0.0000      
  12,   1,   3,  0.0000    , 0.61770    ,  0.0000    ,  42.180    ,  44.737    ,  0.0000    ,  0.0000    , 0.70962    ,  0.0000    ,  0.0000    ,  81.750    ,  0.0000    ,  53.367    ,  0.0000    ,  0.0000    ,  0.0000    ,  0.0000    ,  0.0000    ,  0.0000    ,  0.0000    ,  0.0000    ,  63.185    ,  77.392    ,  33.498    ,  0.0000    ,  0.0000      
