Varies per block?       ,    1,Unit    ,k$/UE/d,     2,     1,  2027
Varies per sequence?    ,    1
# of agents             ,   54
Stag,Seq.,Blck,GASBOL I (CorumbaC. Grande),GASBOL II (C. GrandeT. Lagoas),GASBOL III-a (T. Lagoaslinepack),GASBOL III-b (linepackPaulinia),GASBOL IV (PauliniaAraucaria),GASBOL VI (BiguacuCanoas),Lateral Cuiaba,Interconexao Paulinia (TBGNTS),GASDUC I+II+III,GASIG (ItaboraiGuapimirim/REDUC),Duto do terminal B. Guanabara,GASJAP (REDUCJaperi),GASVOL (REDUCV. Redonda),GASPAL I-a (Japerilinepack),GASPAL I-b (linepackGuararema),GASPAL II (GuararemaCapuava),GASAN (CapuavaRPBC),Duto TRSP (SantosCapuava),GASCAR (UTGCATaubate),GASTAU (TaubateGuararema),GASCAV (CabiunasVitoria),VitoriaCacimbas,GASCAC-a (Cacimbaslinepack),GASCAC-b (linepackCatu),CatuCamacari (spur),Duto do terminal Bahia,CatuCarmopolis/Atalaia,Duto do terminal Sergipe,Carmopolislinepack NE,Linepack NEPilar,PilarCabo (Suape),GASFOR (GuamareFortaleza),FortalezaPecem (spur),UrucuCoari,CoariManaus,TSB (Paso de los LibresUruguaiana),Gasinf (AcuItaborai),GASBOL trecho boliviano (Rio GrandeCorumba),Reversao ARGBOL (Campo DuranRio Grande),Rota maritima GNL  AtlanticoB. Guanabara,Rota maritima GNL  AtlanticoBahia,Rota maritima GNL  AtlanticoPecem,Rota maritima GNL  AtlanticoSergipe,Rota maritima GNL  AtlanticoAcu,Rota maritima GNL  AtlanticoSantos,Rota maritima GNL  AtlanticoBabitonga (TGS),Rota maritima GNL  AtlanticoBarcarena,Rota maritima GNL  AtlanticoSuape,GASBEL REDUC-ESMAN,ESMAN-REGAP,GASBOL V(AraucariaGavura),GASBOL V(GaruvaBiguacu),Nordestao (CaboSantaRita),Nordestao (SantaRitaGuamare)
   1,   1,   1, 0.28513E-03, 0.17683E-03, 0.16889E-03, 0.16906E-03, 0.27048E-03, 0.27181E-03, 0.35345E-03, 0.28344E-03, 0.16852E-03, 0.11398E-03, 0.54545E-04, 0.11409E-03, 0.14139E-03, 0.28287E-03, 0.28315E-03, 0.22886E-03, 0.10095E-03, 0.10085E-03, 0.12831E-03, 0.10074E-03, 0.45864E-03, 0.22966E-03, 0.54192E-03, 0.54301E-03, 0.54545E-04, 0.54545E-04, 0.34013E-03, 0.54545E-04, 0.23132E-03, 0.23155E-03, 0.31364E-03, 0.57615E-03, 0.13636E-03, 0.16380E-03, 0.21895E-03, 0.10909E-03, 0.15477E-03, 0.46093E-03, 0.52773E-03, 0.75629E-02, 0.71570E-02, 0.62054E-02, 0.68846E-02, 0.76173E-02, 0.80053E-02, 0.81818E-02, 0.65455E-02, 0.64091E-02, 0.26940E-03, 0.26994E-03, 0.19680E-03, 0.19700E-03, 0.62823E-03, 0.62949E-03  
   1,   1,   2, 0.19227E-03, 0.11924E-03, 0.11389E-03, 0.11400E-03, 0.18239E-03, 0.18329E-03, 0.23834E-03, 0.19113E-03, 0.11364E-03, 0.76858E-04, 0.36782E-04, 0.76935E-04, 0.95345E-04, 0.19075E-03, 0.19094E-03, 0.15433E-03, 0.68076E-04, 0.68008E-04, 0.86523E-04, 0.67931E-04, 0.30928E-03, 0.15487E-03, 0.36543E-03, 0.36617E-03, 0.36782E-04, 0.36782E-04, 0.22936E-03, 0.36782E-04, 0.15599E-03, 0.15614E-03, 0.21150E-03, 0.38852E-03, 0.91954E-04, 0.11046E-03, 0.14764E-03, 0.73563E-04, 0.10437E-03, 0.31082E-03, 0.35586E-03, 0.50999E-02, 0.48262E-02, 0.41845E-02, 0.46425E-02, 0.51413E-02, 0.53982E-02, 0.55172E-02, 0.44138E-02, 0.43218E-02, 0.18167E-03, 0.18203E-03, 0.13271E-03, 0.13284E-03, 0.42363E-03, 0.42448E-03  
   1,   1,   3, 0.16346E-03, 0.10138E-03, 0.96825E-04, 0.96922E-04, 0.15507E-03, 0.15583E-03, 0.20263E-03, 0.16249E-03, 0.96613E-04, 0.65342E-04, 0.31270E-04, 0.65408E-04, 0.81058E-04, 0.16217E-03, 0.16233E-03, 0.13121E-03, 0.57876E-04, 0.57818E-04, 0.73559E-04, 0.57752E-04, 0.26293E-03, 0.13166E-03, 0.31068E-03, 0.31130E-03, 0.31270E-04, 0.31270E-04, 0.19499E-03, 0.31270E-04, 0.13261E-03, 0.13275E-03, 0.17981E-03, 0.33030E-03, 0.78176E-04, 0.93905E-04, 0.12552E-03, 0.62541E-04, 0.88730E-04, 0.26425E-03, 0.30254E-03, 0.43357E-02, 0.41030E-02, 0.35575E-02, 0.39469E-02, 0.43710E-02, 0.45894E-02, 0.46906E-02, 0.37524E-02, 0.36743E-02, 0.15445E-03, 0.15476E-03, 0.11282E-03, 0.11294E-03, 0.36016E-03, 0.36088E-03  
   2,   1,   1, 0.33015E-03, 0.20475E-03, 0.20496E-03, 0.19576E-03, 0.31319E-03, 0.31473E-03, 0.40925E-03, 0.32819E-03, 0.19513E-03, 0.13197E-03, 0.63158E-04, 0.13211E-03, 0.16372E-03, 0.32753E-03, 0.32786E-03, 0.26500E-03, 0.11689E-03, 0.11678E-03, 0.14857E-03, 0.11664E-03, 0.53106E-03, 0.26593E-03, 0.62749E-03, 0.62874E-03, 0.63158E-04, 0.63158E-04, 0.39383E-03, 0.63158E-04, 0.26785E-03, 0.26811E-03, 0.36317E-03, 0.66712E-03, 0.15789E-03, 0.18966E-03, 0.25352E-03, 0.12632E-03, 0.17921E-03, 0.53371E-03, 0.61105E-03, 0.87571E-02, 0.82871E-02, 0.71852E-02, 0.79717E-02, 0.88282E-02, 0.92693E-02, 0.94737E-02, 0.77147E-02, 0.74211E-02, 0.31194E-03, 0.31257E-03, 0.22788E-03, 0.22810E-03, 0.72743E-03, 0.72888E-03  
   2,   1,   2, 0.21446E-03, 0.13300E-03, 0.13313E-03, 0.12716E-03, 0.20344E-03, 0.20444E-03, 0.26584E-03, 0.21318E-03, 0.12675E-03, 0.85727E-04, 0.41026E-04, 0.85813E-04, 0.10635E-03, 0.21276E-03, 0.21297E-03, 0.17214E-03, 0.75931E-04, 0.75855E-04, 0.96507E-04, 0.75769E-04, 0.34496E-03, 0.17274E-03, 0.40760E-03, 0.40841E-03, 0.41026E-04, 0.41026E-04, 0.25582E-03, 0.41026E-04, 0.17399E-03, 0.17416E-03, 0.23590E-03, 0.43334E-03, 0.10256E-03, 0.12320E-03, 0.16468E-03, 0.82051E-04, 0.11641E-03, 0.34668E-03, 0.39692E-03, 0.56884E-02, 0.53831E-02, 0.46673E-02, 0.51782E-02, 0.57345E-02, 0.60211E-02, 0.61538E-02, 0.50113E-02, 0.48205E-02, 0.20263E-03, 0.20303E-03, 0.14802E-03, 0.14817E-03, 0.47252E-03, 0.47346E-03  
   2,   1,   3, 0.17546E-03, 0.10882E-03, 0.10893E-03, 0.10404E-03, 0.16645E-03, 0.16727E-03, 0.21751E-03, 0.17442E-03, 0.10371E-03, 0.70140E-04, 0.33566E-04, 0.70210E-04, 0.87010E-04, 0.17407E-03, 0.17425E-03, 0.14084E-03, 0.62126E-04, 0.62063E-04, 0.78960E-04, 0.61993E-04, 0.28224E-03, 0.14133E-03, 0.33349E-03, 0.33416E-03, 0.33566E-04, 0.33566E-04, 0.20931E-03, 0.33566E-04, 0.14235E-03, 0.14249E-03, 0.19301E-03, 0.35455E-03, 0.83916E-04, 0.10080E-03, 0.13474E-03, 0.67133E-04, 0.95245E-04, 0.28365E-03, 0.32476E-03, 0.46541E-02, 0.44043E-02, 0.38187E-02, 0.42367E-02, 0.46919E-02, 0.49264E-02, 0.50350E-02, 0.41001E-02, 0.39441E-02, 0.16579E-03, 0.16612E-03, 0.12111E-03, 0.12123E-03, 0.38660E-03, 0.38738E-03  
   3,   1,   1, 0.27273E-03, 0.16914E-03, 0.16931E-03, 0.16171E-03, 0.25872E-03, 0.26000E-03, 0.33808E-03, 0.27111E-03, 0.16120E-03, 0.10902E-03, 0.52174E-04, 0.10913E-03, 0.13524E-03, 0.27057E-03, 0.27084E-03, 0.21891E-03, 0.96565E-04, 0.96468E-04, 0.12273E-03, 0.96359E-04, 0.43870E-03, 0.21968E-03, 0.51836E-03, 0.51940E-03, 0.52174E-04, 0.52174E-04, 0.32534E-03, 0.52174E-04, 0.22126E-03, 0.22149E-03, 0.30001E-03, 0.55110E-03, 0.13043E-03, 0.15668E-03, 0.20943E-03, 0.10435E-03, 0.14804E-03, 0.44089E-03, 0.50478E-03, 0.72341E-02, 0.68458E-02, 0.59356E-02, 0.65853E-02, 0.72928E-02, 0.76573E-02, 0.78261E-02, 0.63730E-02, 0.61304E-02, 0.25769E-03, 0.25821E-03, 0.18825E-03, 0.18843E-03, 0.60092E-03, 0.60212E-03  
   3,   1,   2, 0.19081E-03, 0.11834E-03, 0.11845E-03, 0.11314E-03, 0.18101E-03, 0.18190E-03, 0.23653E-03, 0.18968E-03, 0.11278E-03, 0.76274E-04, 0.36502E-04, 0.76350E-04, 0.94620E-04, 0.18930E-03, 0.18949E-03, 0.15316E-03, 0.67559E-04, 0.67491E-04, 0.85865E-04, 0.67414E-04, 0.30692E-03, 0.15369E-03, 0.36265E-03, 0.36338E-03, 0.36502E-04, 0.36502E-04, 0.22761E-03, 0.36502E-04, 0.15480E-03, 0.15496E-03, 0.20989E-03, 0.38556E-03, 0.91255E-04, 0.10962E-03, 0.14652E-03, 0.73004E-04, 0.10357E-03, 0.30845E-03, 0.35316E-03, 0.50611E-02, 0.47895E-02, 0.41526E-02, 0.46072E-02, 0.51022E-02, 0.53572E-02, 0.54753E-02, 0.44587E-02, 0.42890E-02, 0.18028E-03, 0.18065E-03, 0.13170E-03, 0.13183E-03, 0.42041E-03, 0.42126E-03  
   3,   1,   3, 0.16897E-03, 0.10479E-03, 0.10489E-03, 0.10018E-03, 0.16029E-03, 0.16108E-03, 0.20945E-03, 0.16796E-03, 0.99866E-04, 0.67542E-04, 0.32323E-04, 0.67610E-04, 0.83788E-04, 0.16763E-03, 0.16779E-03, 0.13562E-03, 0.59825E-04, 0.59765E-04, 0.76036E-04, 0.59697E-04, 0.27179E-03, 0.13610E-03, 0.32114E-03, 0.32178E-03, 0.32323E-04, 0.32323E-04, 0.20156E-03, 0.32323E-04, 0.13708E-03, 0.13722E-03, 0.18586E-03, 0.34142E-03, 0.80808E-04, 0.97067E-04, 0.12975E-03, 0.64646E-04, 0.91717E-04, 0.27314E-03, 0.31273E-03, 0.44817E-02, 0.42412E-02, 0.36772E-02, 0.40798E-02, 0.45181E-02, 0.47439E-02, 0.48485E-02, 0.39483E-02, 0.37980E-02, 0.15965E-03, 0.15997E-03, 0.11662E-03, 0.11674E-03, 0.37229E-03, 0.37303E-03  
   4,   1,   1, 0.39827E-03, 0.24700E-03, 0.23591E-03, 0.23615E-03, 0.37782E-03, 0.37968E-03, 0.49370E-03, 0.39591E-03, 0.23540E-03, 0.15921E-03, 0.76190E-04, 0.15937E-03, 0.19750E-03, 0.39512E-03, 0.39552E-03, 0.31968E-03, 0.14102E-03, 0.14087E-03, 0.17923E-03, 0.14071E-03, 0.64064E-03, 0.32080E-03, 0.75697E-03, 0.75848E-03, 0.76190E-04, 0.76190E-04, 0.47510E-03, 0.76190E-04, 0.32312E-03, 0.32344E-03, 0.43811E-03, 0.80478E-03, 0.19048E-03, 0.22880E-03, 0.30583E-03, 0.15238E-03, 0.21619E-03, 0.64384E-03, 0.73714E-03, 0.10564E-01, 0.99971E-02, 0.86678E-02, 0.96166E-02, 0.10650E-01, 0.11182E-01, 0.11429E-01, 0.93067E-02, 0.89524E-02, 0.37631E-03, 0.37706E-03, 0.27490E-03, 0.27517E-03, 0.87753E-03, 0.87929E-03  
   4,   1,   2, 0.19009E-03, 0.11789E-03, 0.11260E-03, 0.11271E-03, 0.18032E-03, 0.18121E-03, 0.23563E-03, 0.18896E-03, 0.11235E-03, 0.75985E-04, 0.36364E-04, 0.76061E-04, 0.94261E-04, 0.18858E-03, 0.18877E-03, 0.15258E-03, 0.67303E-04, 0.67235E-04, 0.85540E-04, 0.67159E-04, 0.30576E-03, 0.15311E-03, 0.36128E-03, 0.36200E-03, 0.36364E-04, 0.36364E-04, 0.22675E-03, 0.36364E-04, 0.15421E-03, 0.15437E-03, 0.20910E-03, 0.38410E-03, 0.90909E-04, 0.10920E-03, 0.14596E-03, 0.72727E-04, 0.10318E-03, 0.30729E-03, 0.35182E-03, 0.50420E-02, 0.47713E-02, 0.41369E-02, 0.45898E-02, 0.50829E-02, 0.53369E-02, 0.54545E-02, 0.44418E-02, 0.42727E-02, 0.17960E-03, 0.17996E-03, 0.13120E-03, 0.13133E-03, 0.41882E-03, 0.41966E-03  
   4,   1,   3, 0.15207E-03, 0.94310E-04, 0.90076E-04, 0.90166E-04, 0.14426E-03, 0.14497E-03, 0.18851E-03, 0.15117E-03, 0.89879E-04, 0.60788E-04, 0.29091E-04, 0.60849E-04, 0.75409E-04, 0.15086E-03, 0.15102E-03, 0.12206E-03, 0.53842E-04, 0.53788E-04, 0.68432E-04, 0.53727E-04, 0.24461E-03, 0.12249E-03, 0.28902E-03, 0.28960E-03, 0.29091E-04, 0.29091E-04, 0.18140E-03, 0.29091E-04, 0.12337E-03, 0.12350E-03, 0.16728E-03, 0.30728E-03, 0.72727E-04, 0.87360E-04, 0.11677E-03, 0.58182E-04, 0.82545E-04, 0.24583E-03, 0.28145E-03, 0.40336E-02, 0.38171E-02, 0.33095E-02, 0.36718E-02, 0.40663E-02, 0.42695E-02, 0.43636E-02, 0.35535E-02, 0.34182E-02, 0.14368E-03, 0.14397E-03, 0.10496E-03, 0.10507E-03, 0.33506E-03, 0.33573E-03  
   5,   1,   1, 0.45621E-03, 0.28293E-03, 0.27023E-03, 0.27050E-03, 0.43277E-03, 0.43490E-03, 0.56552E-03, 0.45350E-03, 0.26964E-03, 0.18236E-03, 0.87273E-04, 0.18255E-03, 0.22623E-03, 0.45259E-03, 0.45305E-03, 0.36618E-03, 0.16153E-03, 0.16136E-03, 0.20530E-03, 0.16118E-03, 0.73383E-03, 0.36746E-03, 0.86707E-03, 0.86881E-03, 0.87273E-04, 0.87273E-04, 0.54420E-03, 0.87273E-04, 0.37011E-03, 0.37049E-03, 0.50183E-03, 0.92184E-03, 0.21818E-03, 0.26208E-03, 0.35032E-03, 0.17455E-03, 0.24764E-03, 0.73749E-03, 0.84436E-03, 0.12101E-01, 0.11451E-01, 0.99286E-02, 0.11015E-01, 0.12188E-01, 0.12809E-01, 0.13091E-01, 0.10669E-01, 0.10255E-01, 0.43104E-03, 0.43191E-03, 0.31488E-03, 0.31520E-03, 0.10052E-02, 0.10072E-02  
   5,   1,   2, 0.17485E-03, 0.10844E-03, 0.10357E-03, 0.10368E-03, 0.16587E-03, 0.16669E-03, 0.21675E-03, 0.17382E-03, 0.10335E-03, 0.69896E-04, 0.33449E-04, 0.69966E-04, 0.86707E-04, 0.17347E-03, 0.17364E-03, 0.14035E-03, 0.61909E-04, 0.61847E-04, 0.78685E-04, 0.61777E-04, 0.28126E-03, 0.14084E-03, 0.33233E-03, 0.33299E-03, 0.33449E-04, 0.33449E-04, 0.20858E-03, 0.33449E-04, 0.14186E-03, 0.14200E-03, 0.19234E-03, 0.35332E-03, 0.83624E-04, 0.10045E-03, 0.13427E-03, 0.66899E-04, 0.94913E-04, 0.28266E-03, 0.32362E-03, 0.46379E-02, 0.43890E-02, 0.38054E-02, 0.42219E-02, 0.46712E-02, 0.49092E-02, 0.50174E-02, 0.40859E-02, 0.39303E-02, 0.16521E-03, 0.16554E-03, 0.12069E-03, 0.12081E-03, 0.38526E-03, 0.38603E-03  
   5,   1,   3, 0.14462E-03, 0.89690E-04, 0.85663E-04, 0.85749E-04, 0.13719E-03, 0.13787E-03, 0.17927E-03, 0.14376E-03, 0.85476E-04, 0.57810E-04, 0.27666E-04, 0.57868E-04, 0.71715E-04, 0.14347E-03, 0.14362E-03, 0.11608E-03, 0.51204E-04, 0.51153E-04, 0.65079E-04, 0.51095E-04, 0.23262E-03, 0.11649E-03, 0.27486E-03, 0.27542E-03, 0.27666E-04, 0.27666E-04, 0.17251E-03, 0.27666E-04, 0.11733E-03, 0.11744E-03, 0.15908E-03, 0.29223E-03, 0.69164E-04, 0.83080E-04, 0.11105E-03, 0.55331E-04, 0.78501E-04, 0.23378E-03, 0.26767E-03, 0.38360E-02, 0.36301E-02, 0.31474E-02, 0.34919E-02, 0.38635E-02, 0.40603E-02, 0.41499E-02, 0.33794E-02, 0.32507E-02, 0.13664E-03, 0.13692E-03, 0.99819E-04, 0.99919E-04, 0.31864E-03, 0.31928E-03  
   6,   1,   1, 0.47793E-03, 0.29640E-03, 0.28310E-03, 0.28338E-03, 0.45338E-03, 0.45561E-03, 0.59244E-03, 0.47509E-03, 0.28248E-03, 0.19105E-03, 0.91429E-04, 0.19124E-03, 0.23700E-03, 0.47414E-03, 0.47462E-03, 0.38362E-03, 0.16922E-03, 0.16905E-03, 0.21507E-03, 0.16886E-03, 0.76877E-03, 0.38496E-03, 0.90836E-03, 0.91018E-03, 0.91429E-04, 0.91429E-04, 0.57012E-03, 0.91429E-04, 0.38774E-03, 0.38813E-03, 0.52573E-03, 0.96574E-03, 0.22857E-03, 0.27456E-03, 0.36700E-03, 0.24253E-03, 0.25943E-03, 0.77260E-03, 0.88457E-03, 0.12677E-01, 0.11997E-01, 0.10401E-01, 0.11540E-01, 0.12768E-01, 0.13418E-01, 0.13714E-01, 0.11168E-01, 0.10743E-01, 0.45157E-03, 0.45248E-03, 0.32988E-03, 0.33021E-03, 0.10530E-02, 0.10551E-02  
   6,   1,   2, 0.18182E-03, 0.11276E-03, 0.10770E-03, 0.10781E-03, 0.17248E-03, 0.17333E-03, 0.22539E-03, 0.18074E-03, 0.10746E-03, 0.72681E-04, 0.34783E-04, 0.72754E-04, 0.90163E-04, 0.18038E-03, 0.18056E-03, 0.14594E-03, 0.64376E-04, 0.64312E-04, 0.81821E-04, 0.64239E-04, 0.29247E-03, 0.14645E-03, 0.34557E-03, 0.34626E-03, 0.34783E-04, 0.34783E-04, 0.21689E-03, 0.34783E-04, 0.14751E-03, 0.14766E-03, 0.20001E-03, 0.36740E-03, 0.86957E-04, 0.10445E-03, 0.13962E-03, 0.92266E-04, 0.98696E-04, 0.29393E-03, 0.33652E-03, 0.48227E-02, 0.45639E-02, 0.39570E-02, 0.43902E-02, 0.48574E-02, 0.51049E-02, 0.52174E-02, 0.42487E-02, 0.40870E-02, 0.17179E-03, 0.17214E-03, 0.12550E-03, 0.12562E-03, 0.40061E-03, 0.40141E-03  
   6,   1,   3, 0.14803E-03, 0.91807E-04, 0.87685E-04, 0.87773E-04, 0.14043E-03, 0.14112E-03, 0.18350E-03, 0.14715E-03, 0.87493E-04, 0.59174E-04, 0.28319E-04, 0.59233E-04, 0.73407E-04, 0.14686E-03, 0.14701E-03, 0.11882E-03, 0.52413E-04, 0.52360E-04, 0.66615E-04, 0.52301E-04, 0.23811E-03, 0.11924E-03, 0.28135E-03, 0.28191E-03, 0.28319E-04, 0.28319E-04, 0.17659E-03, 0.28319E-04, 0.12010E-03, 0.12022E-03, 0.16284E-03, 0.29912E-03, 0.70796E-04, 0.85041E-04, 0.11367E-03, 0.75119E-04, 0.80354E-04, 0.23930E-03, 0.27398E-03, 0.39265E-02, 0.37157E-02, 0.32217E-02, 0.35743E-02, 0.39547E-02, 0.41562E-02, 0.42478E-02, 0.34591E-02, 0.33274E-02, 0.13987E-03, 0.14015E-03, 0.10217E-03, 0.10228E-03, 0.32616E-03, 0.32681E-03  
   7,   1,   1, 0.47793E-03, 0.29640E-03, 0.28310E-03, 0.28338E-03, 0.45338E-03, 0.45561E-03, 0.59244E-03, 0.47509E-03, 0.28248E-03, 0.19105E-03, 0.91429E-04, 0.19124E-03, 0.23700E-03, 0.47414E-03, 0.47462E-03, 0.38362E-03, 0.16922E-03, 0.16905E-03, 0.21507E-03, 0.16886E-03, 0.76877E-03, 0.38496E-03, 0.90836E-03, 0.91018E-03, 0.91429E-04, 0.91429E-04, 0.57012E-03, 0.91429E-04, 0.38774E-03, 0.38813E-03, 0.52573E-03, 0.96574E-03, 0.22857E-03, 0.27456E-03, 0.36700E-03, 0.24253E-03, 0.25943E-03, 0.77260E-03, 0.88457E-03, 0.12677E-01, 0.11997E-01, 0.10481E-01, 0.11625E-01, 0.12768E-01, 0.13418E-01, 0.13714E-01, 0.11168E-01, 0.10743E-01, 0.45157E-03, 0.45248E-03, 0.32988E-03, 0.33021E-03, 0.10530E-02, 0.10551E-02  
   7,   1,   2, 0.17859E-03, 0.11076E-03, 0.10578E-03, 0.10589E-03, 0.16941E-03, 0.17025E-03, 0.22138E-03, 0.17753E-03, 0.10555E-03, 0.71388E-04, 0.34164E-04, 0.71460E-04, 0.88559E-04, 0.17717E-03, 0.17735E-03, 0.14335E-03, 0.63231E-04, 0.63168E-04, 0.80365E-04, 0.63096E-04, 0.28726E-03, 0.14385E-03, 0.33942E-03, 0.34010E-03, 0.34164E-04, 0.34164E-04, 0.21303E-03, 0.34164E-04, 0.14488E-03, 0.14503E-03, 0.19645E-03, 0.36086E-03, 0.85409E-04, 0.10259E-03, 0.13713E-03, 0.90624E-04, 0.96940E-04, 0.28870E-03, 0.33053E-03, 0.47369E-02, 0.44827E-02, 0.39164E-02, 0.43439E-02, 0.47710E-02, 0.50140E-02, 0.51246E-02, 0.41731E-02, 0.40142E-02, 0.16874E-03, 0.16907E-03, 0.12326E-03, 0.12339E-03, 0.39348E-03, 0.39427E-03  
   7,   1,   3, 0.14017E-03, 0.86934E-04, 0.83031E-04, 0.83114E-04, 0.13298E-03, 0.13363E-03, 0.17376E-03, 0.13934E-03, 0.82849E-04, 0.56034E-04, 0.26816E-04, 0.56090E-04, 0.69511E-04, 0.13906E-03, 0.13920E-03, 0.11251E-03, 0.49631E-04, 0.49581E-04, 0.63080E-04, 0.49525E-04, 0.22548E-03, 0.11291E-03, 0.26642E-03, 0.26695E-03, 0.26816E-04, 0.26816E-04, 0.16721E-03, 0.26816E-04, 0.11372E-03, 0.11384E-03, 0.15419E-03, 0.28325E-03, 0.67039E-04, 0.80527E-04, 0.10764E-03, 0.71133E-04, 0.76089E-04, 0.22660E-03, 0.25944E-03, 0.37181E-02, 0.35185E-02, 0.30508E-02, 0.34096E-02, 0.37448E-02, 0.39356E-02, 0.40223E-02, 0.32755E-02, 0.31508E-02, 0.13244E-03, 0.13271E-03, 0.96752E-04, 0.96849E-04, 0.30885E-03, 0.30947E-03  
   8,   1,   1, 0.43637E-03, 0.27063E-03, 0.25848E-03, 0.25874E-03, 0.41396E-03, 0.41599E-03, 0.54093E-03, 0.43378E-03, 0.25791E-03, 0.17444E-03, 0.83478E-04, 0.17461E-03, 0.21639E-03, 0.43291E-03, 0.43335E-03, 0.35026E-03, 0.15450E-03, 0.15435E-03, 0.19637E-03, 0.15417E-03, 0.70192E-03, 0.35149E-03, 0.82937E-03, 0.83104E-03, 0.83478E-04, 0.83478E-04, 0.52054E-03, 0.83478E-04, 0.35402E-03, 0.35438E-03, 0.48001E-03, 0.88176E-03, 0.20870E-03, 0.25069E-03, 0.33508E-03, 0.22144E-03, 0.23687E-03, 0.70542E-03, 0.80765E-03, 0.11658E-01, 0.10953E-01, 0.95695E-02, 0.10614E-01, 0.11658E-01, 0.12252E-01, 0.12522E-01, 0.10197E-01, 0.98087E-02, 0.41230E-03, 0.41313E-03, 0.30119E-03, 0.30149E-03, 0.96147E-03, 0.96339E-03  
   8,   1,   2, 0.17127E-03, 0.10622E-03, 0.10145E-03, 0.10155E-03, 0.16247E-03, 0.16327E-03, 0.21231E-03, 0.17026E-03, 0.10123E-03, 0.68464E-04, 0.32765E-04, 0.68533E-04, 0.84932E-04, 0.16992E-03, 0.17009E-03, 0.13747E-03, 0.60641E-04, 0.60581E-04, 0.77074E-04, 0.60512E-04, 0.27550E-03, 0.13796E-03, 0.32552E-03, 0.32617E-03, 0.32765E-04, 0.32765E-04, 0.20431E-03, 0.32765E-04, 0.13895E-03, 0.13909E-03, 0.18840E-03, 0.34608E-03, 0.81911E-04, 0.98392E-04, 0.13152E-03, 0.86913E-04, 0.92969E-04, 0.27687E-03, 0.31700E-03, 0.45756E-02, 0.42991E-02, 0.37275E-02, 0.41660E-02, 0.45756E-02, 0.48087E-02, 0.49147E-02, 0.40022E-02, 0.38498E-02, 0.16183E-03, 0.16215E-03, 0.11822E-03, 0.11833E-03, 0.37737E-03, 0.37812E-03  
   8,   1,   3, 0.14935E-03, 0.92626E-04, 0.88468E-04, 0.88556E-04, 0.14168E-03, 0.14238E-03, 0.18514E-03, 0.14847E-03, 0.88274E-04, 0.59703E-04, 0.28571E-04, 0.59762E-04, 0.74062E-04, 0.14817E-03, 0.14832E-03, 0.11988E-03, 0.52881E-04, 0.52828E-04, 0.67210E-04, 0.52768E-04, 0.24024E-03, 0.12030E-03, 0.28386E-03, 0.28443E-03, 0.28571E-04, 0.28571E-04, 0.17816E-03, 0.28571E-04, 0.12117E-03, 0.12129E-03, 0.16429E-03, 0.30179E-03, 0.71429E-04, 0.85800E-04, 0.11469E-03, 0.75790E-04, 0.81071E-04, 0.24144E-03, 0.27643E-03, 0.39900E-02, 0.37489E-02, 0.32504E-02, 0.36329E-02, 0.39900E-02, 0.41933E-02, 0.42857E-02, 0.34900E-02, 0.33571E-02, 0.14112E-03, 0.14140E-03, 0.10309E-03, 0.10319E-03, 0.32907E-03, 0.32973E-03  
   9,   1,   1, 0.35845E-03, 0.22230E-03, 0.21232E-03, 0.21254E-03, 0.34004E-03, 0.34171E-03, 0.44433E-03, 0.35632E-03, 0.21186E-03, 0.14329E-03, 0.68571E-04, 0.14343E-03, 0.17775E-03, 0.35561E-03, 0.35596E-03, 0.28771E-03, 0.12691E-03, 0.12679E-03, 0.16130E-03, 0.12664E-03, 0.57658E-03, 0.28872E-03, 0.68127E-03, 0.68264E-03, 0.68571E-04, 0.68571E-04, 0.42759E-03, 0.68571E-04, 0.29080E-03, 0.29110E-03, 0.39430E-03, 0.72430E-03, 0.17143E-03, 0.20592E-03, 0.27525E-03, 0.18190E-03, 0.19457E-03, 0.57945E-03, 0.66343E-03, 0.95077E-02, 0.89974E-02, 0.78607E-02, 0.86550E-02, 0.95760E-02, 0.10064E-01, 0.10286E-01, 0.83760E-02, 0.80571E-02, 0.33868E-03, 0.33936E-03, 0.24741E-03, 0.24766E-03, 0.78978E-03, 0.79136E-03  
   9,   1,   2, 0.18586E-03, 0.11527E-03, 0.11009E-03, 0.11020E-03, 0.17632E-03, 0.17718E-03, 0.23040E-03, 0.18476E-03, 0.10985E-03, 0.74297E-04, 0.35556E-04, 0.74371E-04, 0.92166E-04, 0.18439E-03, 0.18457E-03, 0.14919E-03, 0.65807E-04, 0.65741E-04, 0.83639E-04, 0.65667E-04, 0.29897E-03, 0.14971E-03, 0.35325E-03, 0.35396E-03, 0.35556E-04, 0.35556E-04, 0.22171E-03, 0.35556E-04, 0.15079E-03, 0.15094E-03, 0.20445E-03, 0.37557E-03, 0.88889E-04, 0.10677E-03, 0.14272E-03, 0.94317E-04, 0.10089E-03, 0.30046E-03, 0.34400E-03, 0.49299E-02, 0.46653E-02, 0.40451E-02, 0.45209E-02, 0.49653E-02, 0.52183E-02, 0.53333E-02, 0.43431E-02, 0.41778E-02, 0.17561E-03, 0.17596E-03, 0.12829E-03, 0.12841E-03, 0.40951E-03, 0.41033E-03  
   9,   1,   3, 0.16188E-03, 0.10039E-03, 0.95888E-04, 0.95984E-04, 0.15356E-03, 0.15432E-03, 0.20067E-03, 0.16092E-03, 0.95678E-04, 0.64710E-04, 0.30968E-04, 0.64775E-04, 0.80274E-04, 0.16060E-03, 0.16076E-03, 0.12994E-03, 0.57316E-04, 0.57258E-04, 0.72847E-04, 0.57193E-04, 0.26039E-03, 0.13039E-03, 0.30767E-03, 0.30829E-03, 0.30968E-04, 0.30968E-04, 0.19310E-03, 0.30968E-04, 0.13133E-03, 0.13146E-03, 0.17807E-03, 0.32711E-03, 0.77419E-04, 0.92996E-04, 0.12431E-03, 0.61935E-04, 0.87871E-04, 0.26169E-03, 0.29961E-03, 0.42938E-02, 0.40633E-02, 0.35232E-02, 0.39375E-02, 0.43246E-02, 0.45450E-02, 0.46452E-02, 0.37827E-02, 0.36387E-02, 0.15295E-03, 0.15326E-03, 0.11173E-03, 0.11184E-03, 0.35667E-03, 0.35739E-03  
  10,   1,   1, 0.34138E-03, 0.21172E-03, 0.20221E-03, 0.20241E-03, 0.32384E-03, 0.32544E-03, 0.42317E-03, 0.33935E-03, 0.20177E-03, 0.13646E-03, 0.65306E-04, 0.13660E-03, 0.16929E-03, 0.33867E-03, 0.33901E-03, 0.27401E-03, 0.12087E-03, 0.12075E-03, 0.15362E-03, 0.12061E-03, 0.54912E-03, 0.27497E-03, 0.64883E-03, 0.65013E-03, 0.65306E-04, 0.65306E-04, 0.40723E-03, 0.65306E-04, 0.27696E-03, 0.27723E-03, 0.37552E-03, 0.68981E-03, 0.16327E-03, 0.19611E-03, 0.26214E-03, 0.17323E-03, 0.18531E-03, 0.55186E-03, 0.63184E-03, 0.90549E-02, 0.85690E-02, 0.74299E-02, 0.82428E-02, 0.91200E-02, 0.95846E-02, 0.97959E-02, 0.79771E-02, 0.76735E-02, 0.32255E-03, 0.32320E-03, 0.23563E-03, 0.23586E-03, 0.75217E-03, 0.75368E-03  
  10,   1,   2, 0.17922E-03, 0.11115E-03, 0.10616E-03, 0.10627E-03, 0.17002E-03, 0.17085E-03, 0.22217E-03, 0.17816E-03, 0.10593E-03, 0.71643E-04, 0.34286E-04, 0.71715E-04, 0.88875E-04, 0.17780E-03, 0.17798E-03, 0.14386E-03, 0.63457E-04, 0.63393E-04, 0.80652E-04, 0.63321E-04, 0.28829E-03, 0.14436E-03, 0.34064E-03, 0.34132E-03, 0.34286E-04, 0.34286E-04, 0.21379E-03, 0.34286E-04, 0.14540E-03, 0.14555E-03, 0.19715E-03, 0.36215E-03, 0.85714E-04, 0.10296E-03, 0.13762E-03, 0.90948E-04, 0.97286E-04, 0.28973E-03, 0.33171E-03, 0.47538E-02, 0.44987E-02, 0.39007E-02, 0.43275E-02, 0.47880E-02, 0.50319E-02, 0.51429E-02, 0.41880E-02, 0.40286E-02, 0.16934E-03, 0.16968E-03, 0.12370E-03, 0.12383E-03, 0.39489E-03, 0.39568E-03  
  10,   1,   3, 0.15830E-03, 0.98178E-04, 0.93770E-04, 0.93864E-04, 0.15017E-03, 0.15091E-03, 0.19624E-03, 0.15737E-03, 0.93565E-04, 0.63281E-04, 0.30284E-04, 0.63344E-04, 0.78501E-04, 0.15705E-03, 0.15721E-03, 0.12707E-03, 0.56050E-04, 0.55994E-04, 0.71238E-04, 0.55931E-04, 0.25464E-03, 0.12751E-03, 0.30088E-03, 0.30148E-03, 0.30284E-04, 0.30284E-04, 0.18884E-03, 0.30284E-04, 0.12843E-03, 0.12856E-03, 0.17414E-03, 0.31988E-03, 0.75710E-04, 0.90943E-04, 0.12156E-03, 0.60568E-04, 0.85931E-04, 0.25591E-03, 0.29300E-03, 0.41990E-02, 0.39736E-02, 0.34454E-02, 0.38224E-02, 0.42291E-02, 0.44446E-02, 0.45426E-02, 0.36992E-02, 0.35584E-02, 0.14957E-03, 0.14987E-03, 0.10927E-03, 0.10937E-03, 0.34880E-03, 0.34950E-03  
  11,   1,   1, 0.31364E-03, 0.19452E-03, 0.18578E-03, 0.18597E-03, 0.29753E-03, 0.29900E-03, 0.38879E-03, 0.31178E-03, 0.18538E-03, 0.12538E-03, 0.60000E-04, 0.12550E-03, 0.15553E-03, 0.31116E-03, 0.31147E-03, 0.25175E-03, 0.11105E-03, 0.11094E-03, 0.14114E-03, 0.11081E-03, 0.50451E-03, 0.25263E-03, 0.59611E-03, 0.59731E-03, 0.60000E-04, 0.60000E-04, 0.37414E-03, 0.60000E-04, 0.25445E-03, 0.25471E-03, 0.34501E-03, 0.63377E-03, 0.15000E-03, 0.18018E-03, 0.24084E-03, 0.12000E-03, 0.17025E-03, 0.50702E-03, 0.58050E-03, 0.83192E-02, 0.78727E-02, 0.68262E-02, 0.75731E-02, 0.83790E-02, 0.88059E-02, 0.90000E-02, 0.73290E-02, 0.70500E-02, 0.29634E-03, 0.29694E-03, 0.21648E-03, 0.21670E-03, 0.69105E-03, 0.69244E-03  
  11,   1,   2, 0.20073E-03, 0.12449E-03, 0.11890E-03, 0.11902E-03, 0.19042E-03, 0.19136E-03, 0.24883E-03, 0.19954E-03, 0.11864E-03, 0.80240E-04, 0.38400E-04, 0.80321E-04, 0.99540E-04, 0.19914E-03, 0.19934E-03, 0.16112E-03, 0.71072E-04, 0.71001E-04, 0.90330E-04, 0.70920E-04, 0.32288E-03, 0.16168E-03, 0.38151E-03, 0.38228E-03, 0.38400E-04, 0.38400E-04, 0.23945E-03, 0.38400E-04, 0.16285E-03, 0.16301E-03, 0.22081E-03, 0.40561E-03, 0.96000E-04, 0.11532E-03, 0.15414E-03, 0.76800E-04, 0.10896E-03, 0.32449E-03, 0.37152E-03, 0.53243E-02, 0.50385E-02, 0.43686E-02, 0.48468E-02, 0.53626E-02, 0.56358E-02, 0.57600E-02, 0.46906E-02, 0.45120E-02, 0.18966E-03, 0.19004E-03, 0.13855E-03, 0.13869E-03, 0.44227E-03, 0.44316E-03  
  11,   1,   3, 0.16188E-03, 0.10039E-03, 0.95888E-04, 0.95984E-04, 0.15356E-03, 0.15432E-03, 0.20067E-03, 0.16092E-03, 0.95678E-04, 0.64710E-04, 0.30968E-04, 0.64775E-04, 0.80274E-04, 0.16060E-03, 0.16076E-03, 0.12994E-03, 0.57316E-04, 0.57258E-04, 0.72847E-04, 0.57193E-04, 0.26039E-03, 0.13039E-03, 0.30767E-03, 0.30829E-03, 0.30968E-04, 0.30968E-04, 0.19310E-03, 0.30968E-04, 0.13133E-03, 0.13146E-03, 0.17807E-03, 0.32711E-03, 0.77419E-04, 0.92996E-04, 0.12431E-03, 0.61935E-04, 0.87871E-04, 0.26169E-03, 0.29961E-03, 0.42938E-02, 0.40633E-02, 0.35230E-02, 0.39087E-02, 0.43246E-02, 0.45450E-02, 0.46452E-02, 0.37827E-02, 0.36387E-02, 0.15295E-03, 0.15326E-03, 0.11173E-03, 0.11184E-03, 0.35667E-03, 0.35739E-03  
  12,   1,   1, 0.31364E-03, 0.19452E-03, 0.18578E-03, 0.18597E-03, 0.29753E-03, 0.29900E-03, 0.38879E-03, 0.31178E-03, 0.18538E-03, 0.12538E-03, 0.60000E-04, 0.12550E-03, 0.15553E-03, 0.31116E-03, 0.31147E-03, 0.25175E-03, 0.11105E-03, 0.11094E-03, 0.14114E-03, 0.11081E-03, 0.50451E-03, 0.25263E-03, 0.59611E-03, 0.59731E-03, 0.60000E-04, 0.60000E-04, 0.37414E-03, 0.60000E-04, 0.25445E-03, 0.25471E-03, 0.34501E-03, 0.63377E-03, 0.15000E-03, 0.18018E-03, 0.24084E-03, 0.15916E-03, 0.17025E-03, 0.50702E-03, 0.58050E-03, 0.83192E-02, 0.78727E-02, 0.68262E-02, 0.75731E-02, 0.83790E-02, 0.88059E-02, 0.90000E-02, 0.73290E-02, 0.70500E-02, 0.29634E-03, 0.29694E-03, 0.21648E-03, 0.21670E-03, 0.69105E-03, 0.69244E-03  
  12,   1,   2, 0.19526E-03, 0.12110E-03, 0.11566E-03, 0.11578E-03, 0.18523E-03, 0.18615E-03, 0.24205E-03, 0.19410E-03, 0.11541E-03, 0.78055E-04, 0.37354E-04, 0.78133E-04, 0.96829E-04, 0.19372E-03, 0.19391E-03, 0.15673E-03, 0.69136E-04, 0.69067E-04, 0.87870E-04, 0.68988E-04, 0.31409E-03, 0.15728E-03, 0.37112E-03, 0.37186E-03, 0.37354E-04, 0.37354E-04, 0.23293E-03, 0.37354E-04, 0.15841E-03, 0.15857E-03, 0.21479E-03, 0.39456E-03, 0.93385E-04, 0.11217E-03, 0.14994E-03, 0.74708E-04, 0.10599E-03, 0.31566E-03, 0.36140E-03, 0.51793E-02, 0.49013E-02, 0.42498E-02, 0.47148E-02, 0.52213E-02, 0.54823E-02, 0.56031E-02, 0.45628E-02, 0.43891E-02, 0.18449E-03, 0.18486E-03, 0.13477E-03, 0.13491E-03, 0.43023E-03, 0.43109E-03  
  12,   1,   3, 0.15346E-03, 0.95176E-04, 0.90903E-04, 0.90994E-04, 0.14558E-03, 0.14630E-03, 0.19023E-03, 0.15255E-03, 0.90704E-04, 0.61346E-04, 0.29358E-04, 0.61407E-04, 0.76101E-04, 0.15225E-03, 0.15240E-03, 0.12318E-03, 0.54336E-04, 0.54282E-04, 0.69060E-04, 0.54220E-04, 0.24685E-03, 0.12361E-03, 0.29168E-03, 0.29226E-03, 0.29358E-04, 0.29358E-04, 0.18307E-03, 0.29358E-04, 0.12450E-03, 0.12463E-03, 0.16881E-03, 0.31010E-03, 0.73394E-04, 0.88162E-04, 0.11784E-03, 0.58716E-04, 0.83303E-04, 0.24808E-03, 0.28404E-03, 0.40706E-02, 0.38521E-02, 0.33400E-02, 0.37055E-02, 0.41036E-02, 0.43087E-02, 0.44037E-02, 0.35861E-02, 0.34495E-02, 0.14500E-03, 0.14529E-03, 0.10592E-03, 0.10603E-03, 0.33813E-03, 0.33881E-03  
