Varies per block?       ,    2,Unit    ,UE     ,     2,     1,  2027
Varies per sequence?    ,    1
# of agents             ,   54
Stag,Seq.,Blck,GASBOL I (CorumbaC. Grande),GASBOL II (C. GrandeT. Lagoas),GASBOL III-a (T. Lagoaslinepack),GASBOL III-b (linepackPaulinia),GASBOL IV (PauliniaAraucaria),GASBOL VI (BiguacuCanoas),Lateral Cuiaba,Interconexao Paulinia (TBGNTS),GASDUC I+II+III,GASIG (ItaboraiGuapimirim/REDUC),Duto do terminal B. Guanabara,GASJAP (REDUCJaperi),GASVOL (REDUCV. Redonda),GASPAL I-a (Japerilinepack),GASPAL I-b (linepackGuararema),GASPAL II (GuararemaCapuava),GASAN (CapuavaRPBC),Duto TRSP (SantosCapuava),GASCAR (UTGCATaubate),GASTAU (TaubateGuararema),GASCAV (CabiunasVitoria),VitoriaCacimbas,GASCAC-a (Cacimbaslinepack),GASCAC-b (linepackCatu),CatuCamacari (spur),Duto do terminal Bahia,CatuCarmopolis/Atalaia,Duto do terminal Sergipe,Carmopolislinepack NE,Linepack NEPilar,PilarCabo (Suape),GASFOR (GuamareFortaleza),FortalezaPecem (spur),UrucuCoari,CoariManaus,TSB (Paso de los LibresUruguaiana),Gasinf (AcuItaborai),GASBOL trecho boliviano (Rio GrandeCorumba),Reversao ARGBOL (Campo DuranRio Grande),Rota maritima GNL  AtlanticoB. Guanabara,Rota maritima GNL  AtlanticoBahia,Rota maritima GNL  AtlanticoPecem,Rota maritima GNL  AtlanticoSergipe,Rota maritima GNL  AtlanticoAcu,Rota maritima GNL  AtlanticoSantos,Rota maritima GNL  AtlanticoBabitonga (TGS),Rota maritima GNL  AtlanticoBarcarena,Rota maritima GNL  AtlanticoSuape,GASBEL REDUC-ESMAN,ESMAN-REGAP,GASBOL V(AraucariaGavura),GASBOL V(GaruvaBiguacu),Nordestao (CaboSantaRita),Nordestao (SantaRitaGuamare)
   1,   1,   1, 0.36532    , 0.19410    ,  0.0000    ,  0.0000    ,  1.6412    , 0.61951    , 0.35721E-01,  2.1281    ,  0.0000    ,  5.3494    ,  0.0000    ,  3.2668    , 0.21837    ,  0.0000    ,  5.5745    ,  3.4409    , 0.36395    ,  0.0000    , 0.36571    ,  0.0000    , 0.39162    , 0.48068E-01,  0.0000    ,  1.5873    ,  1.2930    ,  0.0000    , 0.14420    ,  0.0000    ,  0.0000    ,  1.3385    ,  1.2411    , 0.30625    ,  0.0000    ,  21.796    ,  21.774    ,  0.0000    ,  0.0000    , 0.40225    ,  0.0000    ,  0.0000    ,  0.0000    ,  0.0000    ,  0.0000    ,  0.0000    ,  0.0000    ,  0.0000    ,  0.0000    ,  0.0000    ,  1.1798    ,  1.1774    ,  1.0281    ,  1.0271    , 0.50034    , 0.49934      
   1,   1,   2, 0.54176    , 0.28785    ,  0.0000    ,  0.0000    ,  2.4338    , 0.91871    , 0.52976E-01,  3.1559    ,  0.0000    ,  10.335    ,  0.0000    ,  7.1941    , 0.32383    ,  0.0000    ,  8.5699    ,  5.4055    , 0.53973    ,  0.0000    , 0.54233    ,  0.0000    , 0.58076    , 0.71281E-01,  0.0000    ,  8.4299    ,  2.2884    ,  0.0000    ,  5.9068    ,  0.0000    ,  5.6872    ,  1.9960    ,  1.8516    , 0.46527    ,  0.0000    ,  55.275    ,  55.219    ,  0.0000    ,  0.0000    , 0.59653    ,  0.0000    ,  0.0000    ,  0.0000    ,  0.0000    ,  0.0000    ,  44.285    ,  0.0000    ,  0.0000    ,  0.0000    ,  0.0000    ,  1.8000    ,  1.7964    ,  1.5247    ,  1.5231    , 0.75313    , 0.75162      
   1,   1,   3, 0.63724    , 0.33858    ,  0.0000    ,  0.0000    ,  2.8628    ,  1.0806    , 0.62305E-01,  3.7121    ,  0.0000    ,  36.230    ,  0.0000    ,  32.515    , 0.38091    ,  24.228    ,  10.059    ,  6.3368    , 0.63485    ,  0.0000    , 0.63791    ,  0.0000    ,  13.940    ,  13.314    ,  13.217    ,  3.1736    ,  2.6595    ,  0.0000    , 0.25154    ,  0.0000    ,  0.0000    ,  2.3471    ,  2.1772    , 0.54648    ,  0.0000    ,  63.398    ,  63.335    ,  0.0000    ,  0.0000    , 0.70165    ,  0.0000    ,  0.0000    ,  0.0000    ,  0.0000    ,  0.0000    ,  48.856    ,  0.0000    ,  0.0000    ,  0.0000    ,  0.0000    ,  2.1136    ,  2.1094    ,  1.7934    ,  1.7916    , 0.88508    , 0.88331      
   2,   1,   1, 0.34931    , 0.18560    ,  0.0000    ,  0.0000    ,  1.5759    , 0.59895    , 0.34158E-01,  2.0368    ,  0.0000    ,  8.7108    ,  0.0000    ,  6.7719    , 0.20880    ,  0.0000    ,  5.0293    ,  2.9875    , 0.34447    ,  0.0000    , 0.34615    ,  0.0000    , 0.37446    , 0.45966E-01,  0.0000    ,  1.9173    ,  1.6352    ,  0.0000    , 0.13789    ,  0.0000    ,  0.0000    ,  1.2697    ,  1.1766    , 0.28286    ,  0.0000    ,  26.530    ,  26.503    ,  0.0000    ,  0.0000    , 0.38463    ,  0.0000    ,  0.0000    ,  0.0000    ,  0.0000    ,  0.0000    ,  14.324    ,  0.0000    ,  0.0000    ,  0.0000    ,  0.0000    ,  1.0720    ,  1.0698    , 0.98967    , 0.98868    , 0.46840    , 0.46746      
   2,   1,   2, 0.53775    , 0.28572    ,  0.0000    ,  0.0000    ,  2.4260    , 0.92206    , 0.52585E-01,  3.1355    ,  0.0000    ,  14.877    ,  0.0000    ,  11.890    , 0.32144    ,  0.0000    ,  7.7425    ,  4.5992    , 0.53030    ,  0.0000    , 0.53288    ,  0.0000    , 0.57647    , 0.70761E-01,  0.0000    ,  8.8733    ,  2.8021    ,  0.0000    ,  5.8371    ,  0.0000    ,  5.6193    ,  1.9547    ,  1.8114    , 0.43544    ,  0.0000    ,  51.017    ,  50.966    ,  0.0000    ,  0.0000    , 0.59211    ,  0.0000    ,  0.0000    ,  0.0000    ,  0.0000    ,  0.0000    ,  42.441    ,  0.0000    ,  0.0000    ,  0.0000    ,  0.0000    ,  1.6503    ,  1.6470    ,  1.5235    ,  1.5220    , 0.72107    , 0.71963      
   2,   1,   3, 0.65725    , 0.34921    ,  0.0000    ,  0.0000    ,  2.9651    ,  1.1270    , 0.64269E-01,  3.8323    ,  0.0000    ,  39.661    ,  0.0000    ,  35.989    , 0.39287    ,  22.257    ,  9.4631    ,  5.6213    , 0.64815    ,  0.0000    , 0.65130    ,  0.0000    ,  15.399    ,  14.751    ,  14.650    ,  3.8301    ,  3.2987    ,  0.0000    , 0.25945    ,  0.0000    ,  0.0000    ,  2.3891    ,  2.2140    , 0.53220    ,  0.0000    ,  58.659    ,  58.600    ,  0.0000    ,  0.0000    , 0.72369    ,  0.0000    ,  0.0000    ,  0.0000    ,  0.0000    ,  0.0000    ,  44.386    ,  0.0000    ,  0.0000    ,  0.0000    ,  0.0000    ,  2.0170    ,  2.0129    ,  1.8621    ,  1.8603    , 0.88131    , 0.87954      
   3,   1,   1, 0.38579    , 0.20497    ,  0.0000    ,  0.0000    ,  1.7794    , 0.67643    , 0.37715E-01,  2.2937    ,  0.0000    ,  10.056    ,  0.0000    ,  7.9141    , 0.23060    ,  0.0000    ,  5.6324    ,  3.3331    , 0.38433    ,  0.0000    , 0.38620    ,  0.0000    , 0.87253    , 0.51243    ,  0.0000    ,  3.4659    ,  1.7635    ,  0.0000    ,  1.5419    ,  0.0000    ,  1.3897    ,  1.3883    ,  1.2865    , 0.30927    ,  0.0000    ,  22.740    ,  22.717    ,  0.0000    ,  0.0000    , 0.42478    ,  0.0000    ,  0.0000    ,  0.0000    ,  0.0000    ,  0.0000    ,  6.4789    ,  0.0000    ,  0.0000    ,  0.0000    ,  0.0000    ,  1.1839    ,  1.1816    ,  1.1175    ,  1.1164    , 0.51214    , 0.51111      
   3,   1,   2, 0.55143    , 0.29298    ,  0.0000    ,  0.0000    ,  2.5434    , 0.96687    , 0.53908E-01,  3.2784    ,  0.0000    ,  17.961    ,  0.0000    ,  14.896    , 0.32961    ,  0.0000    ,  8.0507    ,  4.7642    , 0.54935    ,  0.0000    , 0.55200    ,  0.0000    ,  1.4347    , 0.91958    ,  0.0000    ,  3.3038    ,  2.8621    ,  0.0000    , 0.21550    ,  0.0000    ,  0.0000    ,  1.9844    ,  1.8389    , 0.44204    ,  0.0000    ,  42.972    ,  42.929    ,  0.0000    ,  0.0000    , 0.60716    ,  0.0000    ,  0.0000    ,  0.0000    ,  0.0000    ,  0.0000    ,  34.255    ,  0.0000    ,  0.0000    ,  0.0000    ,  0.0000    ,  1.6922    ,  1.6888    ,  1.5974    ,  1.5958    , 0.73201    , 0.73055      
   3,   1,   3, 0.62272    , 0.33086    ,  0.0000    ,  0.0000    ,  2.8722    ,  1.0919    , 0.60882E-01,  3.7023    ,  0.0000    ,  43.185    ,  0.0000    ,  39.701    , 0.37222    ,  22.797    ,  9.0914    ,  5.3801    , 0.62037    ,  0.0000    , 0.62336    ,  0.0000    ,  16.444    ,  15.833    ,  14.777    ,  7.9778    ,  3.2369    ,  0.0000    ,  4.4771    ,  0.0000    ,  4.2295    ,  2.2409    ,  2.0766    , 0.49919    ,  0.0000    ,  48.649    ,  48.601    ,  0.0000    ,  0.0000    , 0.68565    ,  0.0000    ,  0.0000    ,  0.0000    ,  0.0000    ,  0.0000    ,  38.970    ,  0.0000    ,  0.0000    ,  0.0000    ,  0.0000    ,  1.9110    ,  1.9072    ,  1.8039    ,  1.8021    , 0.82664    , 0.82499      
   4,   1,   1, 0.27299    , 0.14505    ,  0.0000    ,  0.0000    ,  1.3308    , 0.50922    , 0.26693E-01,  1.6947    ,  0.0000    ,  9.7216    ,  0.0000    ,  8.2035    , 0.16317    ,  0.0000    ,  4.0574    ,  2.3586    , 0.27196    ,  0.0000    , 0.27327    ,  0.0000    ,  16.162    ,  15.876    ,  14.689    ,  1.7907    ,  1.5718    ,  0.0000    , 0.10669    ,  0.0000    ,  0.0000    , 0.98238    , 0.91035    , 0.21884    ,  0.0000    ,  23.600    ,  23.576    ,  0.0000    ,  0.0000    , 0.30059    ,  0.0000    ,  0.0000    ,  0.0000    ,  0.0000    ,  0.0000    ,  14.442    ,  0.0000    ,  0.0000    ,  0.0000    ,  0.0000    , 0.83775    , 0.83607    , 0.83779    , 0.83696    , 0.36239    , 0.36166      
   4,   1,   2, 0.57198    , 0.30390    ,  0.0000    ,  0.0000    ,  2.7883    ,  1.0669    , 0.55922E-01,  3.5509    ,  0.0000    ,  15.863    ,  0.0000    ,  12.686    , 0.34189    ,  0.0000    ,  8.5012    ,  4.9418    , 0.56982    ,  0.0000    , 0.57257    ,  0.0000    ,  2.3573    ,  1.8213    ,  0.0000    ,  8.8576    ,  2.7639    ,  0.0000    ,  5.8484    ,  0.0000    ,  5.6192    ,  2.0583    ,  1.9074    , 0.45852    ,  0.0000    ,  36.920    ,  36.883    ,  0.0000    ,  0.0000    , 0.62979    ,  0.0000    ,  0.0000    ,  0.0000    ,  0.0000    ,  0.0000    ,  5.7503    ,  0.0000    ,  0.0000    ,  0.0000    ,  0.0000    ,  1.7553    ,  1.7518    ,  1.7554    ,  1.7536    , 0.75928    , 0.75776      
   4,   1,   3, 0.71498    , 0.37988    ,  0.0000    ,  0.0000    ,  3.4854    ,  1.3337    , 0.69900E-01,  4.4386    ,  0.0000    ,  43.000    ,  0.0000    ,  39.006    , 0.42737    ,  23.208    ,  10.627    ,  6.1772    , 0.71227    ,  0.0000    , 0.71572    ,  0.0000    ,  2.9291    ,  2.2591    ,  0.0000    ,  4.0117    ,  3.4396    ,  0.0000    , 0.27941    ,  0.0000    ,  0.0000    ,  2.5729    ,  2.3842    , 0.57315    ,  0.0000    ,  45.784    ,  45.739    ,  0.0000    ,  0.0000    , 0.78724    ,  0.0000    ,  0.0000    ,  0.0000    ,  0.0000    ,  0.0000    ,  6.4694    ,  0.0000    ,  0.0000    ,  0.0000    ,  0.0000    ,  2.1941    ,  2.1897    ,  2.1942    ,  2.1920    , 0.94911    , 0.94721      
   5,   1,   1, 0.23295    , 0.12377    ,  0.0000    ,  0.0000    ,  1.2004    , 0.46463    , 0.22786E-01,  1.5141    ,  0.0000    ,  8.8701    ,  0.0000    ,  7.5741    , 0.13924    ,  0.0000    ,  3.5501    ,  2.0324    , 0.23435    ,  0.0000    , 0.23550    ,  0.0000    ,  2.7708    ,  2.5510    ,  1.4388    ,  1.4360    ,  1.2512    ,  0.0000    , 0.90130E-01,  0.0000    ,  0.0000    , 0.82996    , 0.76910    , 0.18489    ,  0.0000    ,  23.296    ,  23.272    ,  0.0000    ,  0.0000    , 0.25650    ,  0.0000    ,  0.0000    ,  0.0000    ,  0.0000    ,  0.0000    ,  0.0000    ,  0.0000    ,  0.0000    ,  1.1945    ,  0.0000    , 0.71486    , 0.71343    , 0.75890    , 0.75814    , 0.30616    , 0.30555      
   5,   1,   2, 0.60778    , 0.32292    ,  0.0000    ,  0.0000    ,  3.1320    ,  1.2123    , 0.59449E-01,  3.9505    ,  0.0000    ,  15.492    ,  0.0000    ,  12.118    , 0.36328    ,  0.0000    ,  9.2627    ,  5.3030    , 0.61145    ,  0.0000    , 0.61442    ,  0.0000    ,  2.3336    ,  1.7700    ,  0.0000    ,  5.1694    ,  2.5146    ,  0.0000    ,  2.4049    ,  0.0000    ,  2.1676    ,  2.1654    ,  2.0066    , 0.48238    ,  0.0000    ,  37.503    ,  37.465    ,  0.0000    ,  0.0000    , 0.66924    ,  0.0000    ,  0.0000    ,  0.0000    ,  0.0000    ,  0.0000    ,  0.0000    ,  0.0000    ,  0.0000    ,  0.0000    ,  0.0000    ,  1.8651    ,  1.8614    ,  1.9800    ,  1.9781    , 0.79881    , 0.79721      
   5,   1,   3, 0.73485    , 0.39044    ,  0.0000    ,  0.0000    ,  3.7869    ,  1.4657    , 0.71874E-01,  4.7764    ,  0.0000    ,  43.591    ,  0.0000    ,  39.487    , 0.43923    ,  24.036    ,  11.199    ,  6.4116    , 0.73928    ,  0.0000    , 0.74287    ,  0.0000    ,  15.338    ,  14.631    ,  12.354    ,  7.1596    ,  3.1163    ,  0.0000    ,  3.7394    ,  0.0000    ,  3.4516    ,  2.6182    ,  2.4262    , 0.58323    ,  0.0000    ,  47.711    ,  47.663    ,  0.0000    ,  0.0000    , 0.80915    ,  0.0000    ,  0.0000    ,  0.0000    ,  0.0000    ,  0.0000    ,  0.0000    ,  0.0000    ,  0.0000    ,  0.0000    ,  0.0000    ,  2.2550    ,  2.2505    ,  2.3940    ,  2.3916    , 0.96581    , 0.96387      
   6,   1,   1, 0.23206    , 0.12329    ,  0.0000    ,  0.0000    ,  1.3005    , 0.48801    , 0.22695E-01,  1.6131    ,  0.0000    ,  24.989    ,  0.0000    ,  23.682    , 0.13870    ,  16.427    ,  3.8110    ,  2.1941    , 0.40291    ,  0.0000    , 0.23456    ,  0.0000    ,  1.7355    ,  1.5186    ,  0.0000    ,  1.8839    ,  1.7007    ,  0.0000    , 0.88899E-01,  0.0000    ,  0.0000    , 0.85116    , 0.79110    , 0.18236    ,  0.0000    ,  22.847    ,  22.824    , 0.49009E-01,  0.0000    , 0.25552    ,  0.0000    ,  0.0000    ,  0.0000    ,  0.0000    ,  0.0000    ,  0.0000    ,  0.0000    ,  0.0000    ,  0.0000    ,  0.0000    , 0.71208    , 0.71065    , 0.80230    , 0.80150    , 0.33443    , 0.33376      
   6,   1,   2, 0.60996    , 0.32408    ,  0.0000    ,  0.0000    ,  3.3662    ,  1.2827    , 0.59649E-01,  4.1877    ,  0.0000    ,  13.806    ,  0.0000    ,  10.422    , 0.36457    ,  0.0000    ,  9.7704    ,  5.5729    , 0.86494    ,  0.0000    , 0.61656    ,  0.0000    ,  18.435    ,  17.837    ,  15.535    ,  9.3367    ,  3.0838    ,  0.0000    ,  5.9962    ,  0.0000    ,  5.7568    ,  2.2001    ,  2.0422    , 0.47936    ,  0.0000    ,  33.948    ,  33.914    , 0.72673E-01,  0.0000    , 0.67163    ,  0.0000    ,  0.0000    ,  0.0000    ,  0.0000    ,  0.0000    ,  0.0000    ,  0.0000    ,  0.0000    ,  0.0000    ,  0.0000    ,  1.8717    ,  1.8680    ,  2.1002    ,  2.0981    , 0.84190    , 0.84022      
   6,   1,   3, 0.74921    , 0.39807    ,  0.0000    ,  0.0000    ,  4.1311    ,  1.5756    , 0.73267E-01,  5.1401    ,  0.0000    ,  25.673    ,  0.0000    ,  21.508    , 0.44779    ,  9.1598    ,  11.980    ,  6.8282    ,  1.0456    ,  0.0000    , 0.75730    ,  0.0000    ,  3.3893    ,  2.6934    ,  0.0000    ,  4.2833    ,  3.6953    ,  0.0000    , 0.28703    ,  0.0000    ,  0.0000    ,  2.6998    ,  2.5059    , 0.58878    ,  0.0000    ,  39.951    ,  39.911    , 0.51121E-01,  0.0000    , 0.82495    ,  0.0000    ,  0.0000    ,  0.0000    ,  0.0000    ,  0.0000    ,  0.0000    ,  0.0000    ,  0.0000    ,  0.0000    ,  0.0000    ,  2.2990    ,  2.2944    ,  2.5790    ,  2.5765    ,  1.0316    ,  1.0295      
   7,   1,   1, 0.22674    , 0.12047    ,  0.0000    ,  0.0000    ,  1.4220    , 0.48048    , 0.22174E-01,  1.7276    ,  0.0000    ,  7.5570    ,  0.0000    ,  6.3033    , 0.13554    ,  0.0000    ,  3.8854    ,  2.1540    , 0.40374    ,  0.0000    , 0.22920    ,  0.0000    ,  1.4401    ,  1.2307    ,  0.0000    ,  1.7698    ,  1.5926    ,  0.0000    , 0.86036E-01,  0.0000    ,  0.0000    ,  1.0168    , 0.95851    , 0.32388    , 0.14710    ,  20.104    ,  20.084    , 0.42322E-01,  0.0000    , 0.24967    ,  0.0000    ,  0.0000    ,  0.0000    ,  0.0000    ,  0.0000    ,  0.0000    ,  0.0000    ,  0.0000    ,  0.0000    ,  0.0000    , 0.68910    , 0.68773    , 0.80447    , 0.80366    , 0.51638    , 0.51535      
   7,   1,   2, 0.60682    , 0.32241    ,  0.0000    ,  0.0000    ,  3.5940    ,  1.2859    , 0.59339E-01,  4.4115    ,  0.0000    ,  12.740    ,  0.0000    ,  9.3924    , 0.36271    ,  0.0000    ,  9.9861    ,  5.5646    , 0.88083    ,  0.0000    , 0.61337    ,  0.0000    ,  2.4317    ,  1.8741    ,  0.0000    ,  3.4188    ,  2.9472    ,  0.0000    , 0.23024    ,  0.0000    ,  0.0000    ,  2.4659    ,  2.3101    , 0.69921    , 0.22646    ,  30.615    ,  30.584    , 0.65155E-01,  0.0000    , 0.66816    ,  0.0000    ,  0.0000    ,  0.0000    ,  0.0000    ,  0.0000    ,  0.0000    ,  0.0000    ,  0.0000    ,  0.0000    ,  0.0000    ,  1.8442    ,  1.8405    ,  2.1281    ,  2.1259    ,  1.1271    ,  1.1249      
   7,   1,   3, 0.77310    , 0.41076    ,  0.0000    ,  0.0000    ,  4.5459    ,  1.6382    , 0.75601E-01,  5.5874    ,  0.0000    ,  42.366    ,  0.0000    ,  38.075    , 0.46211    ,  26.574    ,  12.675    ,  7.0754    ,  1.1082    ,  0.0000    , 0.78145    ,  0.0000    ,  19.176    ,  18.434    ,  16.123    ,  10.902    ,  3.6687    ,  0.0000    ,  6.9131    ,  0.0000    ,  6.6131    ,  3.1238    ,  2.9253    , 0.87906    , 0.27678    ,  37.480    ,  37.442    , 0.33564E-01,  0.0000    , 0.85125    ,  0.0000    ,  0.0000    ,  0.0000    ,  0.0000    ,  0.0000    ,  0.0000    ,  0.0000    ,  0.0000    ,  0.0000    ,  0.0000    ,  2.3496    ,  2.3449    ,  2.7094    ,  2.7067    ,  1.4181    ,  1.4153      
   8,   1,   1, 0.24595    , 0.13068    ,  0.0000    ,  0.0000    ,  1.5164    , 0.50375    , 0.24048E-01,  1.8478    ,  0.0000    ,  9.5503    ,  0.0000    ,  8.1818    , 0.14701    ,  0.0000    ,  4.4059    ,  2.5537    , 0.65494    ,  0.0000    , 0.24861    ,  0.0000    ,  2.0112    ,  1.7809    ,  0.0000    ,  2.3167    ,  2.1218    ,  0.0000    , 0.94224E-01,  0.0000    ,  0.0000    ,  1.1311    ,  1.0672    , 0.19329    ,  0.0000    ,  22.404    ,  22.381    , 0.51231E-01,  0.0000    , 0.27081    ,  0.0000    ,  0.0000    ,  0.0000    ,  0.0000    ,  0.0000    ,  0.0000    ,  0.0000    ,  0.0000    ,  0.0000    ,  0.0000    , 0.75474    , 0.75323    , 0.84418    , 0.84334    , 0.58292    , 0.58175      
   8,   1,   2, 0.62666    , 0.33295    ,  0.0000    ,  0.0000    ,  3.5750    ,  1.2834    , 0.61283E-01,  4.4191    ,  0.0000    ,  14.929    ,  0.0000    ,  11.452    , 0.37454    ,  0.0000    ,  10.454    ,  6.0247    ,  1.1876    ,  0.0000    , 0.63342    ,  0.0000    ,  20.757    ,  20.139    ,  17.593    ,  4.0454    ,  3.5526    ,  0.0000    , 0.24007    ,  0.0000    ,  0.0000    ,  2.5358    ,  2.3734    , 0.49246    ,  0.0000    ,  31.791    ,  31.760    , 0.73233E-01,  0.0000    , 0.69001    ,  0.0000    ,  0.0000    ,  0.0000    ,  0.0000    ,  0.0000    ,  0.0000    ,  0.0000    ,  0.0000    ,  0.0000    ,  0.0000    ,  1.9230    ,  1.9191    ,  2.1271    ,  2.1250    ,  1.1400    ,  1.1377      
   8,   1,   3, 0.71862    , 0.38181    ,  0.0000    ,  0.0000    ,  3.9982    ,  1.4718    , 0.70281E-01,  4.9660    ,  0.0000    ,  43.677    ,  0.0000    ,  39.663    , 0.42951    ,  26.764    ,  11.877    ,  6.8991    ,  1.3521    ,  0.0000    , 0.72638    ,  0.0000    ,  3.5093    ,  2.8414    ,  0.0000    ,  11.196    ,  4.0353    ,  0.0000    ,  6.8576    ,  0.0000    ,  6.5757    ,  2.9023    ,  2.7160    , 0.56474    ,  0.0000    ,  35.911    ,  35.875    , 0.11632E-01,  0.0000    , 0.79127    ,  0.0000    ,  0.0000    ,  0.0000    ,  0.0000    ,  0.0000    ,  0.0000    ,  0.0000    ,  0.0000    ,  0.0000    ,  0.0000    ,  2.2052    ,  2.2008    ,  2.4388    ,  2.4364    ,  1.3016    ,  1.2990      
   9,   1,   1, 0.30637    , 0.16277    ,  0.0000    ,  0.0000    ,  1.7584    , 0.59409    , 0.29970E-01,  2.1711    ,  0.0000    ,  7.2773    ,  0.0000    ,  5.5711    , 0.18311    ,  0.0000    ,  5.2137    ,  3.0374    , 0.67221    ,  0.0000    , 0.30971    ,  0.0000    ,  1.7868    ,  1.5015    ,  0.0000    ,  1.8448    ,  1.6018    ,  0.0000    , 0.11854    ,  0.0000    ,  0.0000    ,  1.6942    ,  1.6136    , 0.60971    , 0.36582    ,  17.666    ,  17.648    , 0.14752    ,  0.0000    , 0.33735    ,  0.0000    ,  0.0000    ,  0.0000    ,  0.0000    ,  0.0000    ,  0.0000    ,  0.0000    ,  0.0000    ,  0.0000    ,  0.0000    , 0.94619    , 0.94430    , 0.99193    , 0.99094    , 0.98340    , 0.98143      
   9,   1,   2, 0.59085    , 0.31392    ,  0.0000    ,  0.0000    ,  3.4133    ,  1.1457    , 0.57796E-01,  4.2093    ,  0.0000    ,  14.764    ,  0.0000    ,  11.472    , 0.35315    ,  0.0000    ,  10.011    ,  5.7913    ,  1.2300    ,  0.0000    , 0.59730    ,  0.0000    ,  3.3385    ,  2.7884    ,  0.0000    ,  3.6752    ,  3.2063    ,  0.0000    , 0.22861    ,  0.0000    ,  0.0000    ,  3.3163    ,  3.1607    ,  1.2370    , 0.76648    ,  36.691    ,  36.655    , 0.16265    ,  0.0000    , 0.65059    ,  0.0000    ,  0.0000    ,  0.0000    ,  0.0000    ,  0.0000    ,  0.0000    ,  0.0000    ,  0.0000    ,  0.0000    ,  0.0000    ,  1.8258    ,  1.8221    ,  1.9160    ,  1.9141    ,  1.9419    ,  1.9380      
   9,   1,   3, 0.67838    , 0.36043    ,  0.0000    ,  0.0000    ,  3.5080    ,  1.3155    , 0.66353E-01,  4.4215    ,  0.0000    ,  44.499    ,  0.0000    ,  40.690    , 0.40548    ,  26.398    ,  11.147    ,  6.7141    ,  1.4769    ,  0.0000    , 0.68579    ,  0.0000    ,  22.712    ,  22.042    ,  18.628    ,  13.071    ,  3.8779    ,  0.0000    ,  8.8992    ,  0.0000    ,  8.6281    ,  3.6090    ,  3.4306    ,  1.1784    , 0.63873    ,  45.805    ,  45.759    ,  0.0000    ,  0.0000    , 0.74697    ,  0.0000    ,  0.0000    ,  0.0000    ,  0.0000    ,  0.0000    ,  0.0000    ,  0.0000    ,  0.0000    ,  0.0000    ,  0.0000    ,  2.0976    ,  2.0934    ,  2.1753    ,  2.1731    ,  2.0270    ,  2.0229      
  10,   1,   1, 0.30822    , 0.16376    ,  0.0000    ,  0.0000    ,  1.6056    , 0.56342    , 0.30130E-01,  2.0166    ,  0.0000    ,  3.8500    ,  0.0000    ,  2.1379    , 0.18423    ,  0.0000    ,  4.9601    ,  2.9385    , 0.58246    ,  0.0000    , 0.30854    ,  0.0000    ,  1.4904    ,  1.2012    ,  0.0000    ,  10.099    ,  1.5172    ,  0.0000    ,  8.4385    ,  0.0000    ,  8.3097    ,  1.5370    ,  1.4553    , 0.46041    , 0.21291    ,  15.737    ,  15.721    , 0.15003    ,  0.0000    , 0.33937    ,  0.0000    ,  0.0000    ,  0.0000    ,  0.0000    ,  0.0000    ,  0.0000    ,  0.0000    ,  0.0000    ,  0.0000    ,  0.0000    , 0.95112    , 0.94922    , 0.94121    , 0.94027    , 0.80904    , 0.80743      
  10,   1,   2, 0.58708    , 0.31192    ,  0.0000    ,  0.0000    ,  3.1629    ,  1.0732    , 0.57395E-01,  3.9459    ,  0.0000    ,  8.6946    ,  0.0000    ,  5.4283    , 0.35091    ,  0.0000    ,  9.6917    ,  5.7362    ,  1.2482    ,  0.0000    , 0.58769    ,  0.0000    ,  3.5597    ,  3.0073    ,  0.0000    ,  3.9177    ,  3.4467    ,  0.0000    , 0.22942    ,  0.0000    ,  0.0000    ,  3.1357    ,  2.9797    ,  1.0272    , 0.55550    ,  40.860    ,  40.819    , 0.28809    ,  0.0000    , 0.64641    ,  0.0000    ,  0.0000    ,  0.0000    ,  0.0000    ,  0.0000    ,  0.0000    ,  0.0000    ,  0.0000    ,  0.0000    ,  0.0000    ,  1.8154    ,  1.8117    ,  1.8028    ,  1.8010    ,  1.7295    ,  1.7261      
  10,   1,   3, 0.66465    , 0.35314    ,  0.0000    ,  0.0000    ,  3.1853    ,  1.2150    , 0.64980E-01,  4.0713    ,  0.0000    ,  35.579    ,  0.0000    ,  31.854    , 0.39729    ,  25.304    ,  10.627    ,  6.5453    ,  1.4641    ,  0.0000    , 0.66535    ,  0.0000    ,  22.968    ,  22.305    ,  18.656    ,  4.6023    ,  4.0688    ,  0.0000    , 0.25974    ,  0.0000    ,  0.0000    ,  3.6287    ,  3.4521    ,  1.2058    , 0.67163    ,  49.226    ,  49.177    ,  0.0000    ,  0.0000    , 0.73183    ,  0.0000    ,  0.0000    ,  0.0000    ,  0.0000    ,  0.0000    ,  0.0000    ,  0.0000    ,  0.0000    ,  0.0000    ,  0.0000    ,  2.0563    ,  2.0522    ,  2.0089    ,  2.0069    ,  2.0311    ,  2.0271      
  11,   1,   1, 0.34319    , 0.18234    ,  0.0000    ,  0.0000    ,  1.5850    , 0.60135    , 0.33557E-01,  2.0425    ,  0.0000    ,  3.7131    ,  0.0000    ,  1.8131    , 0.20514    ,  0.0000    ,  5.1949    ,  3.1473    , 0.52390    ,  0.0000    , 0.34354    ,  0.0000    ,  1.3885    ,  1.0670    ,  0.0000    ,  8.4569    ,  1.6862    ,  0.0000    ,  6.6158    ,  0.0000    ,  6.4738    ,  1.3811    ,  1.2895    , 0.28847    , 0.10560E-01,  17.856    ,  17.838    ,  0.0000    ,  0.0000    , 0.37788    ,  0.0000    ,  0.0000    ,  0.0000    ,  0.0000    ,  0.0000    ,  0.0000    ,  0.0000    ,  0.0000    ,  0.0000    ,  0.0000    ,  1.0532    ,  1.0511    , 0.99658    , 0.99559    , 0.59351    , 0.59232      
  11,   1,   2, 0.53622    , 0.28490    ,  0.0000    ,  0.0000    ,  2.4759    , 0.93963    , 0.52435E-01,  3.1906    ,  0.0000    ,  7.6390    ,  0.0000    ,  4.6684    , 0.32053    ,  0.0000    ,  8.3107    ,  5.1118    ,  1.0126    ,  0.0000    , 0.53679    ,  0.0000    ,  3.2298    ,  2.7252    ,  0.0000    ,  4.0335    ,  3.5982    ,  0.0000    , 0.21167    ,  0.0000    ,  0.0000    ,  2.2724    ,  2.1291    , 0.43420    ,  0.0000    ,  46.604    ,  46.557    ,  0.0000    ,  0.0000    , 0.59042    ,  0.0000    ,  0.0000    ,  0.0000    ,  0.0000    ,  0.0000    ,  0.0000    ,  0.0000    ,  0.0000    ,  0.0000    ,  0.0000    ,  1.6456    ,  1.6423    ,  1.5564    ,  1.5549    ,  1.0416    ,  1.0395      
  11,   1,   3, 0.66491    , 0.35328    ,  0.0000    ,  0.0000    ,  3.0701    ,  1.1651    , 0.65010E-01,  3.9564    ,  0.0000    ,  33.296    ,  0.0000    ,  29.589    , 0.39746    ,  23.829    ,  10.300    ,  6.3330    ,  1.2500    ,  0.0000    , 0.66562    ,  0.0000    ,  21.560    ,  20.900    ,  17.499    ,  4.9731    ,  4.4334    ,  0.0000    , 0.26247    ,  0.0000    ,  0.0000    ,  2.8139    ,  2.6363    , 0.53841    ,  0.0000    ,  57.229    ,  57.172    ,  0.0000    ,  0.0000    , 0.73212    ,  0.0000    ,  0.0000    ,  0.0000    ,  0.0000    ,  0.0000    ,  0.0000    ,  0.0000    ,  0.0000    ,  0.0000    ,  0.0000    ,  2.0405    ,  2.0364    ,  1.9299    ,  1.9280    ,  1.2878    ,  1.2852      
  12,   1,   1, 0.31534    , 0.16755    ,  0.0000    ,  0.0000    ,  1.3469    , 0.48184    , 0.30832E-01,  1.7493    ,  0.0000    ,  6.7762    ,  0.0000    ,  5.0269    , 0.18849    ,  0.0000    ,  4.5243    ,  2.7705    , 0.46255    ,  0.0000    , 0.30224    ,  0.0000    ,  1.2649    , 0.95701    ,  0.0000    ,  9.1601    ,  1.6477    ,  0.0000    ,  7.3604    ,  0.0000    ,  7.2221    ,  1.4449    ,  1.3562    , 0.37075    , 0.10162    ,  18.626    ,  18.607    , 0.58258E-02,  0.0000    , 0.34721    ,  0.0000    ,  0.0000    ,  0.0000    ,  0.0000    ,  0.0000    ,  0.0000    ,  0.0000    ,  0.0000    ,  0.0000    ,  0.0000    , 0.96772    , 0.96578    , 0.82143    , 0.82060    , 0.65665    , 0.65533      
  12,   1,   2, 0.50651    , 0.26912    ,  0.0000    ,  0.0000    ,  2.1926    , 0.77396    , 0.49529E-01,  2.8390    ,  0.0000    ,  16.175    ,  0.0000    ,  13.360    , 0.30276    ,  0.0000    ,  7.4698    ,  4.6233    , 0.91607    ,  0.0000    , 0.48547    ,  0.0000    ,  3.0119    ,  2.5154    ,  0.0000    ,  3.9945    ,  3.5614    ,  0.0000    , 0.21058    ,  0.0000    ,  0.0000    ,  2.5058    ,  2.3630    , 0.70445    , 0.27194    ,  49.609    ,  49.559    ,  0.0000    ,  0.0000    , 0.55771    ,  0.0000    ,  0.0000    ,  0.0000    ,  0.0000    ,  0.0000    ,  41.901    ,  0.0000    ,  0.0000    ,  0.0000    ,  0.0000    ,  1.5544    ,  1.5512    ,  1.3243    ,  1.3229    ,  1.2808    ,  1.2783      
  12,   1,   3, 0.64447    , 0.34242    ,  0.0000    ,  0.0000    ,  2.7075    , 0.98478    , 0.63016E-01,  3.5298    ,  0.0000    ,  41.955    ,  0.0000    ,  38.352    , 0.38523    ,  21.438    ,  9.4226    ,  5.8834    ,  1.1663    ,  0.0000    , 0.61770    ,  0.0000    ,  22.169    ,  21.500    ,  18.278    ,  5.0864    ,  4.5354    ,  0.0000    , 0.26794    ,  0.0000    ,  0.0000    ,  3.2642    ,  3.0825    , 0.89677    , 0.34646    ,  63.185    ,  63.122    ,  0.0000    ,  0.0000    , 0.70962    ,  0.0000    ,  0.0000    ,  0.0000    ,  0.0000    ,  0.0000    ,  53.367    ,  0.0000    ,  0.0000    ,  0.0000    ,  0.0000    ,  1.9778    ,  1.9739    ,  1.6798    ,  1.6782    ,  1.6306    ,  1.6274      
